date,regime,crdbx_ret,spy_ret,crdbx_spy_ratio
2023-03-01,AMBIGUOUS,,,
2023-03-02,ON,0.012626230394386928,0.007777289862108905,1.6234743230932087
2023-03-03,ON,0.026600220748259407,0.016037819365946726,1.6585933624330462
2023-03-06,AMBIGUOUS,0.0,0.0006927404874084164,
2023-03-07,OFF,0.0,-0.015328731891906533,
2023-03-08,OFF,0.0,0.0016321199989794977,
2023-03-09,OFF,0.0,-0.018449853658379922,
2023-03-10,OFF,0.0,-0.014429446142896318,
2023-03-13,AMBIGUOUS,-0.003238863207894793,-0.001425250201672723,
2023-03-14,ON,0.027619755265951618,0.01653006507397059,1.6708800081763524
2023-03-15,ON,-0.00948615724725399,-0.006254338800497861,1.5167322317906522
2023-03-16,ON,0.027932991933650397,0.01754517723408111,1.592060972709423
2023-03-17,ON,-0.0194099377157384,-0.011648267622166752,1.6663368618695817
2023-03-20,ON,0.015835297502211576,0.009615631410812231,1.646828671532239
2023-03-21,ON,0.021823829667670935,0.013130526631691675,1.6620681165214817
2023-03-22,ON,-0.02822272274970139,-0.017046497325514,1.6556317823403874
2023-03-23,ON,0.0031397144875708882,0.0027033947508925404,1.1613969756116063
2023-03-24,ON,0.010954643681373888,0.006562012575101583,1.6694030308535799
2023-03-27,ON,0.003095972261364155,0.0018698426642449473,1.6557394483317802
2023-03-28,ON,-0.0038580393971985316,-0.002244657249312443,1.7187654811799358
2023-03-29,ON,0.02401242628045752,0.014534883496678752,1.6520549535842104
2023-03-30,ON,0.009833593934573948,0.00585525368824702,1.6794479723931461
2023-03-31,ON,0.0232209331149289,0.014094630342711634,1.6475021018863754
2023-04-03,ON,0.005856509853564118,0.003810541299922532,1.5369233378163834
2023-04-04,OFF,0.0,-0.0055481170740255825,
2023-04-05,OFF,0.0,-0.0026182672793729767,
2023-04-06,OFF,0.0,0.003900874175862601,
2023-04-10,AMBIGUOUS,0.0007278187080363985,0.0010263762742257487,
2023-04-11,AMBIGUOUS,0.0,0.0002685868828276039,
2023-04-12,OFF,0.0,-0.004075987071070042,
2023-04-13,OFF,0.0,0.013282719249790409,
2023-04-14,OFF,0.0,-0.0024427643181926806,
2023-04-17,OFF,0.0,0.003588253447581513,
2023-04-18,AMBIGUOUS,0.0007272893732241936,0.0006522418999843627,
2023-04-19,AMBIGUOUS,0.0,-0.0001689404120717164,
2023-04-20,OFF,0.0,-0.005457115192173734,
2023-04-21,AMBIGUOUS,0.0,0.0007769430912527575,
2023-04-24,AMBIGUOUS,0.0,0.0010431651214148907,
2023-04-25,AMBIGUOUS,0.000726760807812088,-0.015873829418699303,-0.04578358432880517
2023-04-26,OFF,0.0,-0.004235621743444606,
2023-04-27,OFF,0.0,0.01990804877378749,
2023-04-28,ON,0.013798080905377041,0.008535168842693341,1.616614874255135
2023-05-01,AMBIGUOUS,-0.0014326975436258493,-0.0010097442299228376,
2023-05-02,ON,-0.017934003409283306,-0.011239232071373229,1.5956609219736575
2023-05-03,ON,-0.010956875319792503,-0.006864003868550905,1.5962804697698494
2023-05-04,AMBIGUOUS,0.005908413879722518,-0.007082947425800068,-0.834174465025783
2023-05-05,OFF,0.0,0.018512575986983082,
2023-05-08,AMBIGUOUS,0.0007342312016052066,0.0002665471494098792,
2023-05-09,OFF,0.0,-0.004385321513347695,
2023-05-10,OFF,0.0,0.0046723613801760155,
2023-05-11,OFF,0.0,-0.001743977740241598,
2023-05-12,AMBIGUOUS,0.0,-0.001310286896183288,
2023-05-15,AMBIGUOUS,0.000733692501678096,0.0034500678839839427,0.21266030882582793
2023-05-16,OFF,0.0,-0.006682670396272794,
2023-05-17,OFF,0.0,0.012138966450525812,
2023-05-18,OFF,0.0,0.009633215071565893,
2023-05-19,AMBIGUOUS,0.0,-0.0014550863563069782,
2023-05-22,AMBIGUOUS,0.0007330846741815389,0.00040612830184261206,
2023-05-23,OFF,0.0,-0.011222837486885906,
2023-05-24,OFF,0.0,-0.007244801918740551,
2023-05-25,OFF,0.0,0.008659898295524604,
2023-05-26,OFF,0.0,0.012950669712365137,
2023-05-30,AMBIGUOUS,0.0007326175209749763,0.00038094297008361977,
2023-05-31,ON,-0.008784764780346399,-0.005545210654671839,1.584207585142908
2023-06-01,ON,0.014771034699306185,0.009501019894013307,1.5546788517529122
2023-06-02,ON,0.022561894088843237,0.014461158782416605,1.5601719356180748
2023-06-05,ON,-0.002846972335231901,-0.0019162630830241723,1.4856897053712057
2023-06-06,ON,0.0035688929277664094,0.0021774588210983215,1.6390174147891539
2023-06-07,OFF,0.0,-0.003457727240027575,
2023-06-08,OFF,0.0,0.0060485691329945634,
2023-06-09,OFF,0.0,0.0017943024372815142,
2023-06-12,AMBIGUOUS,0.000711185982154694,0.00907186311201369,0.07839469945406081
2023-06-13,OFF,0.0,0.006592936721117493,
2023-06-14,AMBIGUOUS,0.0,0.0011908327057914558,
2023-06-15,OFF,0.0,0.012397670338390565,
2023-06-16,OFF,0.0,-0.0033936164205252695,
2023-06-20,AMBIGUOUS,0.0007107483367974066,-0.0051881828235321725,-0.13699369528260402
2023-06-21,OFF,0.0,-0.005123725403500368,
2023-06-22,OFF,0.0,0.0036097101103738094,
2023-06-23,OFF,0.0,-0.007560006040454259,
2023-06-26,AMBIGUOUS,0.0007102435323880218,-0.0040857529802734716,-0.1738341832747028
2023-06-27,OFF,0.0,0.010963311143060928,
2023-06-28,AMBIGUOUS,0.0,0.0005043932731050305,
2023-06-29,ON,0.0063875196318829985,0.003941361271775801,1.6206379449720092
2023-06-30,OFF,0.0,0.011800720368392748,
2023-07-03,AMBIGUOUS,0.020451336785033414,0.0011505363811348257,
2023-07-05,AMBIGUOUS,-0.0027643373265286986,-0.001487198110370791,
2023-07-06,ON,-0.013167049898776817,-0.007830661842952225,1.6814734390079
2023-07-07,AMBIGUOUS,-0.0007022632754615232,-0.002524714233486991,0.2781555497041728
2023-07-10,OFF,0.0,0.0025311045491687167,
2023-07-11,OFF,0.0,0.006368529703967729,
2023-07-12,ON,0.014054867840706864,0.008045919692956538,1.746831732985181
2023-07-13,OFF,0.0,0.007936883171425269,
2023-07-14,AMBIGUOUS,0.0,-0.0006228285007950918,
2023-07-17,OFF,0.0,0.003472216797614669,
2023-07-18,AMBIGUOUS,0.0006929504501764772,0.007430587638025177,0.09325648036642258
2023-07-19,OFF,0.0,0.002223760453105239,
2023-07-20,OFF,0.0,-0.006634489126235765,
2023-07-21,AMBIGUOUS,0.0,0.0,
2023-07-24,OFF,0.0,0.004467290822171233,
2023-07-25,AMBIGUOUS,0.0006925366462906535,0.00273005328280318,0.25367147617703883
2023-07-26,AMBIGUOUS,0.0,0.00015371360408278356,
2023-07-27,ON,-0.011764711317500676,-0.006629974021435725,1.774473215047835
2023-07-28,ON,0.016106477605850156,0.009790323076682483,1.645142604559271
2023-07-31,ON,0.0027567168312931933,0.0019040424836305192,1.44782317358636
2023-08-01,ON,-0.004811041070852284,-0.002861568697747452,1.6812600286826604
2023-08-02,ON,-0.022790050700173592,-0.013910808689727827,1.638298046396287
2023-08-03,ON,-0.00494697503260344,-0.0028658577098358284,1.7261760818149026
2023-08-04,ON,-0.008522719191002448,-0.004522767123829707,1.8844037195940642
2023-08-07,ON,0.014326633862365323,0.008728528720920004,1.6413572459271542
2023-08-08,ON,-0.007062106558827885,-0.004348675405997704,1.623967277274319
2023-08-09,ON,-0.011379857490131373,-0.006685236768802283,1.7022370162321374
2023-08-10,AMBIGUOUS,0.0007194409464950091,0.0003589538129205039,
2023-08-11,AMBIGUOUS,-0.0014377788863223495,-0.0005830991982455069,
2023-08-14,ON,0.008639300402664807,0.005520007828496931,1.5650884330389152
2023-08-15,ON,-0.018558188767609063,-0.011648860489082202,1.593133404336207
2023-08-16,ON,-0.012363641912287116,-0.007338164990194684,1.684841091581821
2023-08-17,ON,-0.013254808997573142,-0.007619884432481738,1.7395026282906698
2023-08-18,AMBIGUOUS,0.0,0.00048131162979969666,
2023-08-21,ON,0.01119407287125318,0.0065062917248353,1.7204996862535464
2023-08-22,ON,-0.005166099447467154,-0.002708613946659555,1.9072852570364764
2023-08-23,ON,0.017804208675266997,0.011137749516813678,1.5985463354504026
2023-08-24,ON,-0.02186590268921562,-0.01385907082540061,1.5777322278446158
2023-08-25,ON,0.011177318753913035,0.007049798505337934,1.5854805985518372
2023-08-28,ON,0.010316900992720868,0.006341360859106304,1.6269222367160543
2023-08-29,ON,0.023340604955058186,0.014454769525983568,1.6147338020922188
2023-08-30,ON,0.0071276110743410115,0.004118813092065521,1.730501218438787
2023-08-31,AMBIGUOUS,-0.002830853611398676,-0.0014633902747577254,
2023-09-01,ON,0.003548629538210335,0.0018652077861802674,1.9025384541620016
2023-09-05,ON,-0.0077793923395133024,-0.004321931329328232,1.7999805519173926
2023-09-06,ON,-0.011404123339796235,-0.006722440297660004,1.696426124270061
2023-09-07,ON,-0.005046841773740707,-0.003070223462506405,1.6438027509634987
2023-09-08,ON,0.0021738936635185002,0.0015060872225780564,1.4434048911173425
2023-09-11,ON,0.010122946066165817,0.0065766368863628966,1.5392283687056576
2023-09-12,ON,-0.008589827005393569,-0.005485610225651083,1.5658835848793922
2023-09-13,AMBIGUOUS,0.0014440074757045007,0.001165989243338883,
2023-09-14,ON,0.014419597037875098,0.008622372403159329,1.6723468163578281
2023-09-15,ON,-0.02061122730227971,-0.012005929501383683,1.716753983929713
2023-09-18,AMBIGUOUS,0.0007257060287098049,0.0005864396970667318,
2023-09-19,ON,-0.002900649888591511,-0.0020738304839804655,1.3986918945390687
2023-09-20,ON,-0.016000019420277067,-0.009193324942280201,1.7403952890529089
2023-09-21,OFF,0.0,-0.016528359834683037,
2023-09-22,ON,-0.031042134854626036,-0.0022485481530990503,13.80541253334618
2023-09-25,EXCLUDED,0.0068650003771777435,0.004205189122548969,
2023-09-26,EXCLUDED,-0.024090912328935565,-0.014691266090073651,
2023-09-27,EXCLUDED,0.0,0.00039913334321250993,
2023-09-28,ON,0.009369728492003793,0.005797444646104211,1.6161824845192958
2023-09-29,ON,-0.0042194252426396295,-0.0024269066881511536,1.7386021733921866
2023-10-02,AMBIGUOUS,0.0,-0.000397710824751929,
2023-10-03,ON,-0.02288139435588077,-0.01338606925506991,1.7093437901656268
2023-10-04,ON,0.012142267698620035,0.007281973839242228,1.6674418182040016
2023-10-05,AMBIGUOUS,-0.0017138352727433803,-0.00037678062621748776,
2023-10-06,ON,0.018884143710947487,0.011872811648814707,1.590536788548544
2023-10-09,ON,0.010951989527740125,0.00640219757250482,1.7106609728470512
2023-10-10,ON,0.008333365122477066,0.005204839241076842,1.60108021333488
2023-10-11,ON,0.007437950088944101,0.004096282837700693,1.81578039985128
2023-10-12,ON,-0.010664410602261531,-0.006096451268467362,1.7492816939948324
2023-10-13,ON,-0.009121111652088953,-0.004980868984616693,1.8312289843919427
2023-10-16,ON,0.017573225230025136,0.010521456651035654,1.6702274041394598
2023-10-17,AMBIGUOUS,0.0,-4.5912143055160115e-05,
2023-10-18,ON,-0.02384868137270113,-0.013325071567788949,1.7897600963248246
2023-10-19,ON,-0.01516430555275472,-0.00878640397567687,1.7258830341438427
2023-10-20,ON,-0.022241170619357264,-0.012288043346798672,1.8099847137300031
2023-10-23,ON,-0.0026247319199040886,-0.0017332106225138588,1.5143756251027138
2023-10-24,ON,0.012280732281357842,0.0075393937405647815,1.6288753053555052
2023-10-25,ON,-0.024263408483255255,-0.01435218709667574,1.6905721977993973
2023-10-26,ON,-0.020426331370819617,-0.011974614168781095,1.7058028829081537
2023-10-27,ON,-0.009066131479268158,-0.004532772203415636,2.0001295173043205
2023-10-30,ON,0.02104295844597681,0.011955789786880722,1.7600642718783484
2023-10-31,ON,0.009856685650140973,0.006280266349381947,1.5694693667110136
2023-11-01,OFF,0.0,0.010664732962442303,
2023-11-02,OFF,0.0,0.019164354406221662,
2023-11-03,OFF,0.0,0.009123392577504053,
2023-11-06,AMBIGUOUS,0.0008872470986129866,0.002300489991450494,0.38567744346219207
2023-11-07,ON,0.0044326411275272815,0.0028460378421049093,1.5574779301771096
2023-11-08,AMBIGUOUS,0.0017652654808781865,0.0007323995367289893,
2023-11-09,ON,-0.01409698640606627,-0.007798750513686392,1.807595509219946
2023-11-10,ON,0.025915993988187003,0.01560480608246917,1.6607700122144857
2023-11-13,AMBIGUOUS,-0.001742117150421052,-0.0009531851844464256,
2023-11-14,OFF,0.0,0.01940073263262887,
2023-11-15,OFF,0.0,0.0021170451411640645,
2023-11-16,AMBIGUOUS,0.0008726203183724301,0.001223132715498343,
2023-11-17,AMBIGUOUS,0.0,0.0012438032670611943,
2023-11-20,ON,0.012205700644216666,0.00769760011297449,1.5856501331686046
2023-11-21,ON,-0.0043065666269672676,-0.0021794142796411897,1.976020193680792
2023-11-22,OFF,0.0,0.0038608335923764336,
2023-11-24,AMBIGUOUS,0.0,0.0006153548988119262,
2023-11-27,AMBIGUOUS,0.0008649891734042736,-0.0018009594303206589,-0.48029353623488524
2023-11-28,AMBIGUOUS,0.0,0.000990102267592663,
2023-11-29,AMBIGUOUS,0.0,-0.0007034210304240895,
2023-11-30,OFF,0.0,0.003937459806426569,
2023-12-01,OFF,0.0,0.005915890103284527,
2023-12-04,AMBIGUOUS,0.0008643240402428365,-0.005249408908885922,-0.16465168845577155
2023-12-05,AMBIGUOUS,-0.0008635776293370867,-0.00019706220282800224,
2023-12-06,ON,-0.006914427468986184,-0.004029777295871284,1.7158336457129713
2023-12-07,ON,0.012184538390911603,0.007630400972353568,1.5968411666776836
2023-12-08,ON,0.006878755195085295,0.004299153642212783,1.6000254393199091
2023-12-11,ON,0.006831761182360729,0.003889565362589442,1.7564330575518463
2023-12-12,ON,0.007633600753103265,0.004567232870283933,1.671384177226922
2023-12-13,ON,0.022727230765019257,0.013790118104538118,1.648080936851445
2023-12-14,ON,0.004938306296338624,0.003209372509298536,1.5387139641879641
2023-12-15,ON,-0.0024569805796449407,-0.001639844870543583,1.498300615978687
2023-12-18,ON,0.009031170272672417,0.0056250713228847005,1.6055210244056017
2023-12-19,ON,0.009764026520061142,0.0060808846108111325,1.6056917940363142
2023-12-20,ON,-0.024174068849599828,-0.013857271129248727,1.7445042840054776
2023-12-21,ON,0.01568955734469024,0.009481916774461752,1.6546820350657288
2023-12-22,ON,0.004065056094269659,0.0020096925426713597,2.0227253711486792
2023-12-26,ON,0.006477726415789142,0.004222527236930729,1.5340875386508277
2023-12-27,EXCLUDED,0.0032180177691847334,0.0018080855254416495,
2023-12-28,EXCLUDED,6.118199058491314e-09,0.00037773115379002853,
2023-12-29,EXCLUDED,-0.00484264874528717,-0.002894973411954771,
2024-01-02,ON,-0.010543399452174862,-0.005596355380219964,1.8839760408068393
2024-01-03,ON,-0.01311474179619243,-0.00816668867324244,1.6058824232105147
2024-01-04,ON,-0.005813928159966841,-0.0032210792425203527,1.8049627849011558
2024-01-05,AMBIGUOUS,0.0016708023093736646,0.00136965984015891,
2024-01-08,ON,0.024186819632106005,0.014275928543528549,1.6942379305386888
2024-01-09,ON,-0.004071676858478646,-0.0015170695563498926,2.683909146707289
2024-01-10,OFF,0.0,0.0056554246817059894,
2024-01-11,AMBIGUOUS,0.0,-0.00044064012118916196,
2024-01-12,AMBIGUOUS,0.0008176802335355671,0.00069273972507089,
2024-01-16,OFF,0.0,-0.0036712260361015936,
2024-01-17,ON,-0.008986900223381111,-0.0055586805878178325,1.6167326187218634
2024-01-18,ON,0.014014845399016762,0.00889280233217904,1.5759762643439583
2024-01-19,ON,0.020325202936851472,0.01246616416534696,1.63042959063148
2024-01-22,ON,0.00398407888246699,0.002114336891851476,1.884316022589108
2024-01-23,OFF,0.0,0.0029164817642561847,
2024-01-24,AMBIGUOUS,0.0,0.0010931594952936496,
2024-01-25,OFF,0.0,0.0054388925424671,
2024-01-26,AMBIGUOUS,0.0,-0.0012704037021049608,
2024-01-29,ON,0.012698400203813742,0.007919380649885843,1.603458750779556
2024-01-30,AMBIGUOUS,-0.0015674339659024206,-0.0007734532410523798,
2024-01-31,ON,-0.02668761057269997,-0.016317320635176435,1.6355387731468332
2024-02-01,ON,0.020967761038741983,0.013088152875065928,1.6020412688399595
2024-02-02,ON,0.017377588442371028,0.010527378920638375,1.650704185094276
2024-02-05,ON,-0.006987589424551688,-0.003641181932482751,1.9190442977363613
2024-02-06,AMBIGUOUS,0.0007818787264786131,0.002903305712719906,0.26930637137283253
2024-02-07,OFF,0.0,0.008340408570300495,
2024-02-08,AMBIGUOUS,0.0,0.00044168082314244295,
2024-02-09,OFF,0.0,0.005779428560930278,
2024-02-12,AMBIGUOUS,0.0,-0.0004389489532020674,
2024-02-13,AMBIGUOUS,0.000781267869751634,-0.01377305334094614,-0.05672437697086308
2024-02-14,OFF,0.0,0.009087639398436709,
2024-02-15,OFF,0.0,0.00689973803251509,
2024-02-16,OFF,0.0,-0.004979980381600746,
2024-02-20,AMBIGUOUS,0.0007805835191236898,-0.0055053951797489065,-0.1417851931855855
2024-02-21,AMBIGUOUS,0.0,0.0009058331600915182,
2024-02-22,OFF,0.0,0.020695498324175388,
2024-02-23,AMBIGUOUS,0.0,0.0006896671990455072,
2024-02-26,AMBIGUOUS,0.000780049073314304,-0.003662529972996542,-0.21298093915013003
2024-02-27,OFF,0.0,0.0018577490850577583,
2024-02-28,AMBIGUOUS,0.0,-0.0013216478011487398,
2024-02-29,OFF,0.0,0.003594944833749114,
2024-03-01,OFF,0.0,0.00938826393429193,
2024-03-04,AMBIGUOUS,0.0,-0.0010724145835054877,
2024-03-05,AMBIGUOUS,0.0007794410710291189,-0.00999413476319777,-0.07798984999675201
2024-03-06,OFF,0.0,0.005067249026642351,
2024-03-07,OFF,0.0,0.009926429737309839,
2024-03-08,OFF,0.0,-0.006002207324147579,
2024-03-11,AMBIGUOUS,0.0,-0.0008598499967885642,
2024-03-12,ON,0.017912736721422018,0.010757374688447952,1.665158762263623
2024-03-13,ON,-0.00229531244618697,-0.0015675114126452172,1.4643034989541603
2024-03-14,ON,-0.0038343704663444944,-0.001976778793354561,1.9397063946834592
2024-03-15,ON,-0.013086996096175585,-0.0068453744076198975,1.9118013591203797
2024-03-18,ON,0.010920463857676532,0.005943155285291102,1.837485869619447
2024-03-19,OFF,0.0,0.005557143669806974,
2024-03-20,OFF,0.0,0.009249303470675319,
2024-03-21,OFF,0.0,0.003304702971922646,
2024-03-22,OFF,0.0,-0.001895806609024997,
2024-03-25,AMBIGUOUS,0.0007716225966358792,-0.0027628065092765164,-0.27928940881131065
2024-03-26,ON,-0.004626092396406989,-0.0018470129799369461,2.5046344810012737
2024-03-27,OFF,0.0,0.008403819070718965,
2024-03-28,AMBIGUOUS,0.0,-0.00019109579907750085,
2024-04-01,AMBIGUOUS,0.0007746110766873038,-0.0017397942282005863,-0.44523143262089065
2024-04-02,ON,-0.010835939821674856,-0.006358101845817976,1.7042727663763622
2024-04-03,AMBIGUOUS,0.001564981078369998,0.0010985010013910834,
2024-04-04,ON,-0.019531249708961695,-0.012206091812080655,1.6001231196402406
2024-04-05,ON,0.015936239539883656,0.010446888874904303,1.5254531498048156
2024-04-08,AMBIGUOUS,0.0007843316770068665,0.0005593388334788063,
2024-04-09,AMBIGUOUS,0.0,0.0011567640634317922,
2024-04-10,OFF,0.0,-0.010013117410638817,
2024-04-11,OFF,0.0,0.007546885784763369,
2024-04-12,OFF,0.0,-0.013803077020240084,
2024-04-15,AMBIGUOUS,0.0007837169829512103,-0.012528127278102708,-0.06255659489675128
2024-04-16,OFF,0.0,-0.0018237950351298604,
2024-04-17,OFF,0.0,-0.005918239218224541,
2024-04-18,OFF,0.0,-0.00205773410131993,
2024-04-19,OFF,0.0,-0.008728350111016692,
2024-04-22,ON,0.014878588376853852,0.00920913952029423,1.615632855172389
2024-04-23,ON,0.020061745996646563,0.011866630635747333,1.6906017059477743
2024-04-24,AMBIGUOUS,-0.0015128939001273212,-0.00047461729906428385,
2024-04-25,OFF,0.0,-0.003798922486342504,
2024-04-26,AMBIGUOUS,0.0007575931080556764,0.009473911346340014,0.07996624417942771
2024-04-29,OFF,0.0,0.0035414704253415863,
2024-04-30,OFF,0.0,-0.015841247325688368,
2024-05-01,AMBIGUOUS,-0.0015140391904554518,-0.0032471509764098183,0.46626695261623924
2024-05-02,AMBIGUOUS,0.001516334981042533,0.009353437830903033,0.16211525734769733
2024-05-03,OFF,0.0,0.012395322615995186,
2024-05-06,AMBIGUOUS,0.0007570195952275593,0.010326817835386803,0.0733061827268307
2024-05-07,AMBIGUOUS,0.0,0.0011034464179819903,
2024-05-08,AMBIGUOUS,0.0,9.666200942248793e-05,
2024-05-09,ON,0.00907714698451012,0.005761867891264316,1.5753826980781989
2024-05-10,AMBIGUOUS,0.0014992131829532074,0.0012881249732326072,
2024-05-13,AMBIGUOUS,0.0007485201451211676,0.0001342951490974631,
2024-05-14,ON,0.006731499877206559,0.004588152985457228,1.4671480873769815
2024-05-15,ON,0.020802357516912506,0.012383033929039389,1.6799079802348764
2024-05-16,ON,-0.0036390241315698013,-0.002057508390634122,1.76865579170166
2024-05-17,AMBIGUOUS,0.0,0.0014375338328989073,
2024-05-20,AMBIGUOUS,0.0,0.0011521113183468046,
2024-05-21,OFF,0.0,0.0024525295229906874,
2024-05-22,OFF,0.0,-0.0028793441431358424,
2024-05-23,OFF,0.0,-0.007304220207159817,
2024-05-24,OFF,0.0,0.006616435324681147,
2024-05-28,AMBIGUOUS,0.0007304769312166393,0.0006988423909815022,
2024-05-29,OFF,0.0,-0.007002551838871107,
2024-05-30,ON,-0.010218933693251442,-0.0066337015706721125,1.5404572521666935
2024-05-31,ON,0.013274288048034766,0.009108149287317957,1.4574078255961038
2024-06-03,AMBIGUOUS,0.001455637416072797,0.0008153529396106585,
2024-06-04,AMBIGUOUS,0.0014534523078988393,0.0011178985773303562,
2024-06-05,ON,0.01886794150363702,0.011885100186643571,1.5875290243527553
2024-06-06,AMBIGUOUS,0.0,-1.872139066150247e-05,
2024-06-07,AMBIGUOUS,-0.0028490001397227793,-0.0012156574487586225,
2024-06-10,ON,0.0049999782017298156,0.003089761144422054,1.6182410121754156
2024-06-11,ON,0.0035536739032948628,0.0024083170801936227,1.4755838973700075
2024-06-12,ON,0.013456128583395843,0.008213005017738695,1.6383928360366142
2024-06-13,ON,0.0034940066802517933,0.00201349727531297,1.7352924799506864
2024-06-14,AMBIGUOUS,0.0,0.0006083824913212244,
2024-06-17,ON,0.0125348404929857,0.007958926371441244,1.5749411299951284
2024-06-18,ON,0.004126576325592435,0.0025406958699802917,1.6241913777836168
2024-06-20,ON,-0.004109617674589394,-0.002716531314889248,1.512818075044698
2024-06-21,AMBIGUOUS,-0.004126576325592546,-0.0013363624028792653,
2024-06-24,ON,-0.00414360965740157,-0.003250664817000981,1.2746960670108116
2024-06-25,OFF,0.0,0.0038508805193555595,
2024-06-26,AMBIGUOUS,0.0,0.0012480822540090752,
2024-06-27,ON,0.0020804252990613836,0.0015764795075565718,1.3196652979561345
2024-06-28,ON,-0.00692037571732651,-0.003935107039692687,1.7586245170771666
2024-07-01,ON,0.0034842672983557144,0.00205809454382333,1.6929578423948288
2024-07-02,ON,0.01041670667904504,0.006729714910746809,1.5478674531086605
2024-07-03,ON,0.006872812816805851,0.004462600250361826,1.5400915231537053
2024-07-05,OFF,0.0,0.005766497205737409,
2024-07-08,AMBIGUOUS,0.0,0.0011539280101224847,
2024-07-09,AMBIGUOUS,0.0006826094977632202,0.000972442729531453,
2024-07-10,OFF,0.0,0.009895289711641775,
2024-07-11,OFF,0.0,-0.008622580332635743,
2024-07-12,OFF,0.0,0.006307522083127459,
2024-07-15,OFF,0.0,0.002750118911688748,
2024-07-16,ON,0.010231962739827072,0.005930147776526118,1.7254144627439552
2024-07-17,ON,-0.023632705709186297,-0.014021143496696586,1.6855048744600765
2024-07-18,ON,-0.012448153852069321,-0.007684901925006371,1.6198194815685956
2024-07-19,ON,-0.011204471316808573,-0.006640580263619911,1.6872729297756874
2024-07-22,ON,0.016288987094530638,0.01030990415193389,1.579935841738666
2024-07-23,ON,-0.0027874537135678112,-0.0015685478750434578,1.7770918936666709
2024-07-24,ON,-0.03633825594098761,-0.022662516096977448,1.6034519638282407
2024-07-25,ON,-0.007976769904389891,-0.00521036791379581,1.530941775391582
2024-07-26,ON,0.016812831659755778,0.011199698366761712,1.501186113159318
2024-07-29,AMBIGUOUS,0.0007189237233311552,0.0005877733502015481,
2024-07-30,ON,-0.007902274143272381,-0.005066469116946526,1.5597201839917552
2024-07-31,ON,0.02461978193937031,0.01625460804168588,1.5146339964785038
2024-08-01,ON,-0.02190809005651284,-0.014160940846283276,1.5470787071512204
2024-08-02,ON,-0.030346825987238923,-0.01861841433811906,1.6299361178737595
2024-08-05,ON,-0.04769004021492507,-0.02912369829277961,1.6374994595637757
2024-08-06,ON,0.014867021754893628,0.00921956682947278,1.612551004822403
2024-08-07,ON,-0.010794166572120178,-0.0066840009697358704,1.6149259434572956
2024-08-08,ON,0.03663291269085556,0.023117363765007726,1.5846492300435242
2024-08-09,ON,0.006766928668962446,0.004409621620005133,1.5345826132253428
2024-08-12,AMBIGUOUS,0.0,0.000525393163109511,
2024-08-13,OFF,0.0,0.016445624495827982,
2024-08-14,OFF,0.0,0.0031547893918812964,
2024-08-15,AMBIGUOUS,0.000746771841011018,0.017140243354885287,0.04356833363151604
2024-08-16,OFF,0.0,0.0022420131591913695,
2024-08-19,OFF,0.0,0.009561414761256382,
2024-08-20,OFF,0.0,-0.0016260845380726696,
2024-08-21,OFF,0.0,0.003436518468241667,
2024-08-22,AMBIGUOUS,0.0007462857586957306,-0.007848497114596786,-0.09508645385213609
2024-08-23,OFF,0.0,0.010625354160183287,
2024-08-26,OFF,0.0,-0.002383837980233894,
2024-08-27,AMBIGUOUS,0.0,0.0013730978823101037,
2024-08-28,OFF,0.0,-0.005805274200082033,
2024-08-29,AMBIGUOUS,0.0007457292315902198,8.953572284031708e-05,
2024-08-30,OFF,0.0,0.009546014727143781,
2024-09-03,OFF,0.0,-0.020579008899841433,
2024-09-04,ON,-0.0037257966058577008,-0.0020468135919301522,1.8202911200840042
2024-09-05,ON,-0.0037397300794944632,-0.0024322113182296823,1.537584358507334
2024-09-06,ON,-0.02627623391999101,-0.01683011634892917,1.5612627610659897
2024-09-09,ON,0.016962167218589563,0.011196217256969287,1.5149908964146936
2024-09-10,ON,0.0060652676213388546,0.0043557127427886755,1.392485680186445
2024-09-11,ON,0.01582510001721915,0.010258942597767273,1.5425663869747435
2024-09-12,ON,0.012611282052443107,0.008423296578884631,1.4971907891806686
2024-09-13,ON,0.008058652998219396,0.005222741901835359,1.5429927707872084
2024-09-16,AMBIGUOUS,0.0021802131157109272,0.0014768724318448,
2024-09-17,AMBIGUOUS,0.0,0.00040860716682655784,
2024-09-18,OFF,0.0,-0.0029658530705484187,
2024-09-19,OFF,0.0,0.01706440263283948,
2024-09-20,OFF,0.0,-0.0017233186843822468,
2024-09-23,AMBIGUOUS,0.0007251797613847533,0.0024988700574681832,0.29020306967041504
2024-09-24,OFF,0.0,0.0028613143253319873,
2024-09-25,OFF,0.0,-0.0022055133774686597,
2024-09-26,ON,0.006521750097388868,0.003964651345061743,1.6449744327485882
2024-09-27,AMBIGUOUS,-0.002879766800888195,-0.0014503182029492745,
2024-09-30,ON,0.00722017509322237,0.0040072780371684935,1.8017654443373936
2024-10-01,ON,-0.015053766381236566,-0.0089584749040581,1.6803938775803635
2024-10-02,AMBIGUOUS,0.0,0.00042205732551758857,
2024-10-03,ON,-0.002911205423533403,-0.0018281792604923908,1.5924069846133777
2024-10-04,ON,0.013868652314076968,0.009087339434985742,1.5261510162901413
2024-10-07,ON,-0.014398902663497748,-0.009040442689714157,1.5927209714940427
2024-10-08,ON,0.015339667244978372,0.009457547081078044,1.6219498685519458
2024-10-09,ON,0.010791408368430622,0.006926447400689373,1.5580004790560567
2024-10-10,ON,-0.002846972335232012,-0.0017500255397128184,1.6268175924445103
2024-10-11,ON,0.009279094383804365,0.005988252959907792,1.5495495006522313
2024-10-14,ON,0.013437027989396277,0.008178318945803564,1.6430061090110757
2024-10-15,EXCLUDED,-0.012561082074955654,-0.0077696775233382365,
2024-10-16,EXCLUDED,0.006501802006422919,0.00434640444437151,
2024-10-17,EXCLUDED,0.0,8.584543021927793e-05,
2024-10-18,ON,0.006334119000884542,0.0038465722734466468,1.6466917948246367
2024-10-21,ON,-0.002360325167675259,-0.0016422140791902962,1.437282262760183
2024-10-22,AMBIGUOUS,-0.0015773231295198586,-0.0005311542518380286,
2024-10-23,ON,-0.015797773434098272,-0.009137380893711078,1.728917029711577
2024-10-24,ON,0.004012856386981012,0.0021626672107126765,1.8555126591384494
2024-10-25,AMBIGUOUS,-0.0007993787928755047,-0.00034530110213959464,
2024-10-28,ON,0.004800033569335893,0.003091391148152267,1.5527098769771939
2024-10-29,ON,0.0023885136917938254,0.0016183778622804734,1.4758689842853792
2024-10-30,ON,-0.00476572032482192,-0.0030252672130528513,1.5753055810275836
2024-10-31,ON,-0.03351955987586852,-0.01960310154264755,1.7099110466241785
2024-11-01,ON,0.0066061045395606754,0.004220532001058652,1.5652302927459478
2024-11-04,ON,-0.003281375162423883,-0.0021539305759273875,1.5234358985832528
2024-11-05,ON,0.01975314669363848,0.012091775640930225,1.63360181996553
2024-11-06,ON,0.04277640986965925,0.024865554910313836,1.720307872635341
2024-11-07,ON,0.013157900564247482,0.007732145868493578,1.7017139598804518
2024-11-08,ON,0.006875489040395255,0.004331722357409751,1.587241395708151
2024-11-11,AMBIGUOUS,0.0015174130217205928,0.0009528867448340694,
2024-11-12,ON,-0.006060600368335112,-0.003106395419244068,1.9510073736233944
2024-11-13,AMBIGUOUS,0.0015244251477233295,0.000485806693723001,
2024-11-14,ON,-0.01141556836266111,-0.006430159312396655,1.7753165680752456
2024-11-15,ON,-0.02232486273770451,-0.012808588351979733,1.742960435937026
2024-11-18,ON,0.007086626294453113,0.004097352819568911,1.7295621359741014
2024-11-19,ON,0.005473001957231993,0.003655467635231613,1.497209797313722
2024-11-20,AMBIGUOUS,0.0007776227953975035,0.00033883146055813107,
2024-11-21,ON,0.008546981946804255,0.005368302980789608,1.592119889169725
2024-11-22,ON,0.005392962324132222,0.003099410292649374,1.7399962621671239
2024-11-25,ON,0.004597660158271788,0.003392083253218381,1.3554089964948726
2024-11-26,ON,0.009916103573252677,0.005221486727384983,1.8990958113990735
2024-11-27,ON,-0.0060422904145790435,-0.0030300628489847714,1.9941138899490236
2024-11-29,ON,0.00987842826354468,0.006212064520751959,1.5902005252110478
2024-12-02,ON,0.0037622416010820725,0.0017924107737510298,2.098984036571439
2024-12-03,AMBIGUOUS,0.0,0.00046380772899645706,
2024-12-04,ON,0.010494706750155292,0.006209534809425099,1.6900954857722956
2024-12-05,ON,-0.002967356321318615,-0.001645657183614091,1.8031436625226462
2024-12-06,ON,0.003720252402971802,0.0018956655539701384,1.9625046175367733
2024-12-09,ON,-0.00963677662317275,-0.005149643631043976,1.8713482550673328
2024-12-10,ON,-0.005239498250228847,-0.003109090602606557,1.685218901577274
2024-12-11,ON,0.012791578388405167,0.007730647435394422,1.6546580988598056
2024-12-12,ON,-0.008915296078676915,-0.005152610492206833,1.7302484036317185
2024-12-13,AMBIGUOUS,0.0,-0.00019855892276432474,
2024-12-16,ON,0.005996995711468278,0.004269965675617771,1.404459934118942
2024-12-17,AMBIGUOUS,0.0007451735339034649,-0.004120041679210762,-0.1808655329055338
2024-12-18,OFF,0.0,-0.029803487374158943,
2024-12-19,AMBIGUOUS,0.0,-0.0003071121340316729,
2024-12-20,OFF,0.0,0.011970737280974753,
2024-12-23,AMBIGUOUS,0.0007445476530381079,0.005988290418921238,0.12433392520268491
2024-12-24,ON,0.01711313267050607,0.011115010046286677,1.5396416736684153
2024-12-26,AMBIGUOUS,-0.0007315456346761451,6.658749927290764e-05,
2024-12-27,ON,-0.016837448375221054,-0.010526518786625139,1.5995267492054925
2024-12-30,EXCLUDED,-0.018466171333587522,-0.011411638377604172,
2024-12-31,EXCLUDED,-0.006083644564774171,-0.0036380159121820466,
2025-01-02,ON,-0.004590624892374162,-0.0024570065510107764,1.8683812179848063
2025-01-03,ON,0.019215987363705445,0.012503416419400448,1.5368589447192762
2025-01-06,ON,0.009803930029937735,0.005760576187535671,1.7019009402480934
2025-01-07,ON,-0.018670649259891037,-0.011304052395755049,1.6516775229122547
2025-01-08,AMBIGUOUS,0.0015220322349169813,0.0014609947580461746,
2025-01-10,ON,-0.02507598233528474,-0.015267434815002812,1.64244895354938
2025-01-13,ON,0.002338248881495364,0.0015504563889192635,1.508103612720914
2025-01-14,AMBIGUOUS,0.001555245590795007,0.0013759916283606621,
2025-01-15,ON,0.0295031142130866,0.018189984044830076,1.6219428307564636
2025-01-16,ON,-0.0022624951830818585,-0.0019231664227786771,1.176442743739725
2025-01-17,ON,0.015117216164744374,0.010039892999691657,1.505714868197166
2025-01-21,ON,0.014147399558142704,0.00915353684308795,1.5455664625227064
2025-01-22,ON,0.009544795560442854,0.005621448830210873,1.6979244761861163
2025-01-23,ON,0.00872726440429683,0.005458079192118381,1.5989625831921317
2025-01-24,ON,-0.005046841773740818,-0.0029192772396473554,1.7287983837912118
2025-01-27,ON,-0.02318845246925272,-0.01414539533258763,1.639293347696832
2025-01-28,ON,0.014094995586779957,0.008592396109277312,1.6404033761387495
2025-01-29,ON,-0.008046792689343496,-0.0044829317228528565,1.7949844402766553
2025-01-30,ON,0.008849548808677277,0.005367110021191612,1.6488480343677563
2025-01-31,ON,-0.008771921263311722,-0.00532191395620385,1.6482643904992371
2025-02-03,ON,-0.011799468741531816,-0.006729566554252053,1.7533772266619998
2025-02-04,ON,0.01119407287125318,0.006708281838506247,1.668694479560775
2025-02-05,ON,0.006642077588266737,0.004054540342757651,1.638182636443864
2025-02-06,ON,0.005131942306620729,0.003475616038725038,1.4765561700259855
2025-02-07,ON,-0.015317289391879152,-0.009153562023232031,1.673369269034654
2025-02-10,ON,0.010370395801685417,0.0067912111491030824,1.5270318613278633
2025-02-11,AMBIGUOUS,0.0007330846741815389,0.000760555495121995,
2025-02-12,ON,-0.004395565393345069,-0.0032215099947073833,1.3644425752415918
2025-02-13,ON,0.01692417510330424,0.010557536581541571,1.6030420517693378
2025-02-14,AMBIGUOUS,-0.0007235365722378928,-4.9150054415414424e-05,
2025-02-18,ON,0.004344638965916081,0.0029358340027980656,1.4798653335901555
2025-02-19,ON,0.004325913490393685,0.0023549076262954216,1.8369779952680834
2025-02-20,ON,-0.007178778124833918,-0.00416032470826988,1.725533132200947
2025-02-21,ON,-0.028922604536290142,-0.017104102948802602,1.6909746522728286
2025-02-24,ON,-0.0074460446163345795,-0.004550422471648163,1.6363413864817746
2025-02-25,ON,-0.008252037307338922,-0.004973177992678157,1.6593086592694086
2025-02-26,AMBIGUOUS,0.0007563748113119662,0.0005048259926943022,
2025-02-27,ON,-0.02645498411984437,-0.01596190430433686,1.6573827041837692
2025-02-28,ON,0.024068281303415207,0.015605512474676342,1.5422935544392868
2025-03-03,ON,-0.028051546423804363,-0.017519898469909423,1.601124942132692
2025-03-04,ON,-0.01950078049541093,-0.01183691170923118,1.6474550942373742
2025-03-05,ON,0.015910960047342382,0.010747863198125485,1.4803835659275402
2025-03-06,ON,-0.027408016360480292,-0.017751133038238387,1.5440150384451319
2025-03-07,ON,0.008051560455349716,0.005604862520902865,1.436531302118847
2025-03-10,ON,-0.042332321666717965,-0.02663558528182819,1.5893144910766683
2025-03-11,ON,-0.012510393777620976,-0.008312879584754573,1.5049410556318468
2025-03-12,ON,0.007601364140879419,0.005306541044969082,1.4324517753586332
2025-03-13,ON,-0.020955573646677772,-0.01333049237232542,1.5720029734372223
2025-03-14,ON,0.030821887608831533,0.020655788693630495,1.492167065900316
2025-03-17,ON,0.01162793552876451,0.007711353519474384,1.507898127014813
2025-03-18,OFF,0.0,-0.010808436249554298,
2025-03-19,OFF,0.0,0.010890850841058342,
2025-03-20,OFF,0.0,-0.0028917790177163116,
2025-03-21,AMBIGUOUS,0.0008209585350560378,0.0003289010196234621,
2025-03-24,OFF,0.0,0.017908502022889294,
2025-03-25,OFF,0.0,0.0024038545877422823,
2025-03-26,OFF,0.0,-0.011938266525687413,
2025-03-27,OFF,0.0,-0.0026557092004865224,
2025-03-28,OFF,0.0,-0.020138328985595755,
2025-03-31,AMBIGUOUS,0.0008203633491445927,0.0067128130226792315,0.12220858027372371
2025-04-01,OFF,0.0,0.0028244266313557365,
2025-04-02,OFF,0.0,0.006328411525621025,
2025-04-03,OFF,0.0,-0.04928081620084801,
2025-04-04,OFF,0.0,-0.058542971330535765,
2025-04-07,ON,-0.00655737089809616,-0.0017811785518102585,3.6814786992756745
2025-04-08,ON,-0.02392738981776399,-0.0156627816725603,1.5276590274946176
2025-04-09,ON,0.14877432292750759,0.10501930183911323,1.4166378972450786
2025-04-10,ON,-0.05739512319450979,-0.04381899719533322,1.3098228363980553
2025-04-11,ON,0.028883674741530863,0.017842817199724692,1.6187844339949033
2025-04-14,ON,0.015174492005633367,0.009701450822369617,1.5641466707890745
2025-04-15,ON,-0.004484336255867638,-0.0028008788011967267,1.6010461623514818
2025-04-16,OFF,0.0,-0.02222803246337901,
2025-04-17,AMBIGUOUS,0.0,0.001426777837988169,
2025-04-21,AMBIGUOUS,0.022522537357972716,-0.023802680232045237,-0.9462185408704906
2025-04-22,AMBIGUOUS,0.0014684624032101912,0.02601773758493775,0.05644081843843013
2025-04-23,OFF,0.0,0.015495463082325855,
2025-04-24,OFF,0.0,0.02104893334386637,
2025-04-25,OFF,0.0,0.00722532365580375,
2025-04-28,AMBIGUOUS,0.0,0.00038130345037501456,
2025-04-29,OFF,0.0,0.006299413437552026,
2025-04-30,AMBIGUOUS,0.0007330846741815389,0.000396829809890642,
2025-05-01,OFF,0.0,0.007086942026725218,
2025-05-02,OFF,0.0,0.0148441984303338,
2025-05-05,ON,-0.010256365828639646,-0.005734349537724004,1.7885839991383672
2025-05-06,OFF,0.0,-0.00835836434319115,
2025-05-07,OFF,0.0,0.0042055058561749625,
2025-05-08,AMBIGUOUS,0.0007402093791573083,0.0069677857514376385,0.10623308545395266
2025-05-09,AMBIGUOUS,0.0,-0.0012741491279433248,
2025-05-12,OFF,0.0,0.0330473871981487,
2025-05-13,OFF,0.0,0.006603949785734642,
2025-05-14,AMBIGUOUS,0.0,0.0012780314322096142,
2025-05-15,OFF,0.0,0.004884349607746863,
2025-05-16,AMBIGUOUS,0.0007395913364616202,0.006334027868440728,0.11676477461468579
2025-05-19,AMBIGUOUS,0.0,0.0010938461217664397,
2025-05-20,OFF,0.0,-0.0033621922872736354,
2025-05-21,OFF,0.0,-0.016850789652983478,
2025-05-22,AMBIGUOUS,0.0,0.00039467712604679406,
2025-05-23,AMBIGUOUS,0.0007391152312785643,-0.006825775301577686,-0.108282971328946
2025-05-27,OFF,0.0,0.02079059136787431,
2025-05-28,ON,-0.008862620819583777,-0.005785407771406903,1.5318921621022668
2025-05-29,AMBIGUOUS,-0.0007451735339033538,0.003947403401760141,-0.1887756223676258
2025-05-30,AMBIGUOUS,-0.0014913873465267624,-0.0011185037847384338,
2025-06-02,ON,0.008961903098002821,0.005632954820585345,1.5909772727542577
2025-06-03,ON,0.009622510158290076,0.005702628195087822,1.6873816473917755
2025-06-04,AMBIGUOUS,-0.0007331545916514637,-0.00026847317095979317,
2025-06-05,OFF,0.0,-0.004832790626766448,
2025-06-06,OFF,0.0,0.010268994150278488,
2025-06-09,AMBIGUOUS,0.0,0.0009012551559597348,
2025-06-10,OFF,0.0,0.005669731282665458,
2025-06-11,AMBIGUOUS,0.0007336925016778739,-0.0028520788113345352,-0.2572483266458429
2025-06-12,OFF,0.0,0.003974349319302073,
2025-06-13,OFF,0.0,-0.011180124223602594,
2025-06-16,OFF,0.0,0.00951422558757331,
2025-06-17,OFF,0.0,-0.008545104270081039,
2025-06-18,AMBIGUOUS,0.0,-0.00015066498929716676,
2025-06-20,AMBIGUOUS,0.0007330846741815389,-0.0023416127792152963,-0.3130682752881135
2025-06-23,OFF,0.0,0.00987749011881256,
2025-06-24,ON,0.018315018826859042,0.011047245877038092,1.6578809805371628
2025-06-25,AMBIGUOUS,0.0,0.0005602785258216336,
2025-06-26,ON,0.01366910354474582,0.007823824018649228,1.7471128583878566
2025-06-27,ON,0.007806930836479875,0.004968339764334306,1.5713359405334275
2025-06-30,ON,0.007746521959795416,0.004781191670012452,1.6202073655363916
2025-07-01,AMBIGUOUS,-0.0006988279936126496,-0.0003236241478935531,
2025-07-02,ON,0.006992966885427165,0.004533291803274775,1.5425803563705214
2025-07-03,ON,0.013194481881313447,0.00788139987465386,1.6741292271879467
2025-07-07,OFF,0.0,-0.007452000479036158,
2025-07-08,AMBIGUOUS,-0.0006854166399758999,-0.0005477312372305088,
2025-07-09,ON,0.009602218385140304,0.005996663994070728,1.6012600330174596
2025-07-10,ON,0.004755413964292465,0.002820257303000284,1.6861631593803503
2025-07-11,ON,-0.006085203030427366,-0.0035154072757079824,1.7310093975389642
2025-07-14,ON,0.0027210858756483436,0.0019082172648787754,1.425983259731804
2025-07-15,ON,-0.006784221801098722,-0.004273271747553764,1.587594284164669
2025-07-16,ON,0.0047813998075585395,0.0033432282214846953,1.4301745172021687
2025-07-17,ON,0.010197118840332031,0.006119649327969823,1.6662913663575716
2025-07-18,AMBIGUOUS,-0.0013458616790995581,-0.0007323752525193461,
2025-07-21,ON,0.0026954151914917457,0.0018961764380651669,1.4215002029252675
2025-07-22,AMBIGUOUS,0.0006720583874277875,0.00014308223598114012,
2025-07-23,ON,0.013431820325969568,0.008507516372031176,1.5788180402599343
2025-07-24,AMBIGUOUS,0.0013253481701207548,0.0003310590028946514,
2025-07-25,ON,0.005956330551478262,0.004224319453948855,1.41000949772166
2025-07-28,AMBIGUOUS,0.0,-0.0002510958258695739,
2025-07-29,ON,-0.004605243138328885,-0.002637599568784843,1.7459978356193568
2025-07-30,AMBIGUOUS,-0.0026437515895884056,-0.0012593076546151272,
2025-07-31,ON,-0.005964224763275183,-0.00375122907730685,1.589938828144595
2025-08-01,ON,-0.02800000508626299,-0.0163904032821941,1.7083170318744454
2025-08-04,ON,0.02469133460638151,0.01519978873502148,1.624452486598763
2025-08-05,ON,-0.008032121079617927,-0.0050699689365404366,1.584254495472068
2025-08-06,ON,0.012145769830119724,0.007659695237280717,1.5856727263775074
2025-08-07,AMBIGUOUS,-0.0013333638509114287,-0.0008376201402310324,
2025-08-08,ON,0.012683614143105038,0.007797536853746623,1.6266180437493813
2025-08-11,ON,-0.003955202327946106,-0.0019774785462639555,2.0001240141991214
2025-08-12,AMBIGUOUS,-0.0006617654159311037,0.010646024206171889,-0.06216080323652225
2025-08-13,ON,0.005960211698008866,0.0034231312120525104,1.7411578256257145
2025-08-14,AMBIGUOUS,0.0,9.303533506632711e-05,
2025-08-15,ON,-0.004608274967605519,-0.002341281862229483,1.9682700498167678
2025-08-18,AMBIGUOUS,-0.0006613908040692396,-0.00021760326977848798,
2025-08-19,ON,-0.009265346977461286,-0.005425136484688009,1.7078550933440935
2025-08-20,ON,-0.004676061940540488,-0.0026570578976855552,1.7598645270822277
2025-08-21,ON,-0.0067113711648050245,-0.004011843753210287,1.6728894686974212
2025-08-22,ON,0.024999991945318323,0.015356793254796441,1.6279435120681844
2025-08-25,ON,-0.0065919829246405826,-0.0044010272058598865,1.4978282606077689
2025-08-26,ON,0.006635725513920887,0.004186969919329098,1.584851489686405
2025-08-27,ON,0.003955139462137769,0.0022785538462906096,1.735811277217157
2025-08-28,ON,0.0052528483115519276,0.003541403909580021,1.4832672142655619
2025-08-29,ON,-0.010450737864214354,-0.0059637477949624484,1.7523775691926555
2025-09-02,ON,-0.012541226743722711,-0.007410229210411012,1.692420893823756
2025-09-03,ON,0.008689847199828016,0.005419542688669621,1.6034281301991522
2025-09-04,ON,0.013916503381277812,0.008357419089116691,1.6651675873716019
2025-09-05,ON,-0.0052287531182189095,-0.002896236284437803,1.8053613741096672
2025-09-08,AMBIGUOUS,-0.0013140905001821634,0.002456626412859597,-0.5349167025573568
2025-09-09,OFF,0.0,0.002311853583358836,
2025-09-10,AMBIGUOUS,0.0006579098031134212,0.0028908474672988405,0.22758371396473612
2025-09-11,OFF,0.0,0.008310180352278485,
2025-09-12,AMBIGUOUS,0.0,-0.00033458287585352853,
2025-09-15,OFF,0.0,0.005323922883704979,
2025-09-16,AMBIGUOUS,0.0,-0.0013768488621856978,
2025-09-17,AMBIGUOUS,0.0006574772423901809,-0.0012424353397254562,
2025-09-18,OFF,0.0,0.004672497836806677,
2025-09-19,OFF,0.0,0.0049391513803827,
2025-09-22,OFF,0.0,0.004731075170536503,
2025-09-23,OFF,0.0,-0.005443591771072898,
2025-09-24,ON,-0.0052562366821607975,-0.0031815658943793457,1.6520910949688739
2025-09-25,ON,-0.007926016039491501,-0.004613504621998277,1.7180032727611
2025-09-26,ON,0.009320864539393181,0.005729077731456478,1.626939793156477
2025-09-29,ON,0.003957811360198571,0.0028104096748036156,1.4082684797457983
2025-09-30,ON,0.005913281932252046,0.003766875644270362,1.5698107637947891
2025-10-01,ON,0.005878458291761923,0.0034075168215907947,1.7251443204959946
2025-10-02,AMBIGUOUS,0.0012987310557857068,0.0011518565068935338,
2025-10-03,AMBIGUOUS,-0.0006485232705808475,-1.4866158967619114e-05,
2025-10-06,AMBIGUOUS,0.0006489441259478479,0.003586263355458641,0.18095272477970475
2025-10-07,OFF,0.0,-0.003707494362329311,
2025-10-08,OFF,0.0,0.005963041402874403,
2025-10-09,OFF,0.0,-0.0028970186885769467,
2025-10-10,AMBIGUOUS,0.0006485232705810695,-0.027027764376787222,-0.023994706389332494
2025-10-13,OFF,0.0,0.015344029580113494,
2025-10-14,AMBIGUOUS,0.0,-0.0012216421112398734,
2025-10-15,OFF,0.0,0.00443954899070742,
2025-10-16,OFF,0.0,-0.006810241559457975,
2025-10-17,AMBIGUOUS,0.0006480411542288955,0.0056763137515907225,0.11416584469935076
2025-10-20,EXCLUDED,0.0,0.010400477117627371,
2025-10-21,EXCLUDED,6.480143036324826e-05,-1.4911017141350236e-05,
2025-10-22,EXCLUDED,0.0,-0.005198930936866852,
2025-10-23,OFF,0.0,0.005929952148911788,
2025-10-24,OFF,0.0,0.008172546972973871,
2025-10-27,OFF,0.0,0.011797696913067535,
2025-10-28,ON,0.004172424580311862,0.002656014462314449,1.5709344356039443
2025-10-29,AMBIGUOUS,0.0006925366462906535,0.00048033227231458753,
2025-10-30,ON,-0.017993095661851033,-0.01099811955002028,1.6360156461308746
2025-10-31,ON,0.004933097291652366,0.0032802030105936186,1.5038999951285403
2025-11-03,ON,0.0028050463682331994,0.0018767107020742912,1.4946610391963115
2025-11-04,ON,-0.01888115064072582,-0.011853596017736279,1.5928626732743687
2025-11-05,ON,0.004276580239392036,0.0034654743340312155,1.2340533581206186
2025-11-06,OFF,0.0,-0.010729388925125316,
2025-11-07,AMBIGUOUS,0.0007097394445378935,0.0009845789961882012,
2025-11-10,ON,0.02553188985373067,0.01560432239211762,1.6362062518413405
2025-11-11,ON,0.0034578278425283493,0.0022892661907205625,1.5104525006941083
2025-11-12,AMBIGUOUS,0.0,0.0005563761095350728,
2025-11-13,OFF,0.0,-0.016594027882646856,
2025-11-14,AMBIGUOUS,0.0,-0.00016365894166792128,
2025-11-17,AMBIGUOUS,0.0006891956391517073,-0.009316461288915168,-0.07397611794638381
2025-11-18,OFF,0.0,-0.008397503213040225,
2025-11-19,ON,0.00413219449385771,0.003863149507556951,1.0696439487455671
2025-11-20,ON,-0.02606310812272805,-0.015242255122032589,1.7099246741418195
2025-11-21,ON,0.01619721823943787,0.009961227389035265,1.6260263526628074
2025-11-24,ON,0.024948000628116418,0.014718526835907575,1.6950066339012162
2025-11-25,ON,0.01555108157565055,0.009405947461920139,1.6533243076903108
2025-11-26,ON,0.01131818358445913,0.006903459171132775,1.6394945351146257
2025-11-28,ON,0.008558269784865624,0.0054584834225450685,1.5678841763112383
2025-12-01,ON,-0.007832890858321728,-0.004565467815318525,1.7156819794107434
2025-12-02,ON,0.0032894862738344077,0.0018522200441719594,1.7759694827754564
2025-12-03,ON,0.005245896636462577,0.00346277529986061,1.5149399490846964
2025-12-04,AMBIGUOUS,0.0,0.0007311117128343536,
2025-12-05,ON,0.003913921716588886,0.0018994838690575833,2.060518533663965
2025-12-08,ON,-0.005847963000659706,-0.0030042694967975514,1.9465507361751118
2025-12-09,AMBIGUOUS,-0.001307219445381591,-0.0008630792259768372,
2025-12-10,ON,0.01047119438535482,0.006632158354710205,1.5788516837686943
2025-12-11,ON,0.0038860376455533974,0.0023270002601829542,1.669977314591219
2025-12-12,ON,-0.0180644989013673,-0.010752025375860286,1.680101959387529
2025-12-15,AMBIGUOUS,-0.0019711357502730786,-0.0015108385386657375,1.3046634036843157
2025-12-16,ON,-0.0052666179009884795,-0.0027323394075896568,1.9275123311398732
2025-12-17,ON,-0.018530757070365445,-0.011003536401451242,1.6840728647856746
2025-12-18,ON,0.012137579642737872,0.007551304892321253,1.6073486391842415
2025-12-19,ON,0.014656849433697827,0.009036699952829741,1.6219249848068928
2025-12-22,ON,0.009849020138746889,0.006229874178387496,1.5809340376270893
2025-12-23,ON,0.0071521232677991264,0.0045704843606495515,1.5648501785449005
2025-12-24,ON,0.0058102100657031475,0.003517621421107009,1.6517439969064813
2025-12-26,AMBIGUOUS,-0.0006418632176383721,-0.0001014040437492536,
2025-12-29,EXCLUDED,-0.0057803567342270545,-0.003563648189011559,
2025-12-30,EXCLUDED,-0.0022609573362568636,-0.0012211468345215692,
2025-12-31,EXCLUDED,-0.011863229392814922,-0.007408955885817692,
2026-01-02,ON,0.002118625232660154,0.0018330596423725698,1.1557863059589104
2026-01-05,ON,0.010570865161402487,0.006660110816910869,1.5871905816584486
2026-01-06,ON,0.009762858309535716,0.005947227112347964,1.641581551386448
2026-01-07,ON,-0.005524856784194343,-0.0032234001772446508,1.7139841410932004
2026-01-08,AMBIGUOUS,-0.000694394130028475,-0.00010152168346500012,
2026-01-09,ON,0.011118821653562483,0.006613388484590255,1.6812594148174211
2026-01-12,ON,0.002749138235647486,0.0015703975230316747,1.750600211302063
2026-01-13,ON,-0.0034270178349514735,-0.001999473023444942,1.7139605259824806
2026-01-14,ON,-0.008253087061479536,-0.004915222744839132,1.6790870912503575
2026-01-15,ON,0.0034674195887878234,0.0027232240029890775,1.273277403908712
2026-01-16,AMBIGUOUS,-0.0006911008083823056,-0.0008378844014015341,
2026-01-20,ON,-0.03596130403816433,-0.020356759970762806,1.766553424504361
2026-01-21,ON,0.02008613307560858,0.011541083159159582,1.740402767973058
2026-01-22,ON,0.009142061322062078,0.005223163010167564,1.7502921705230854
2026-01-23,AMBIGUOUS,0.0,0.0003628552455614553,
2026-01-26,ON,0.009059174725491337,0.00507813081145958,1.7839585197466596
2026-01-27,OFF,0.0,0.003984250492172103,
2026-01-28,AMBIGUOUS,0.0,-0.00010065899610589568,
2026-01-29,ON,-0.004143609657401681,-0.001984419367757506,2.0880715662859957
2026-01-30,ON,-0.005547844887849318,-0.002982547677011782,1.8601026667938165
2026-02-02,ON,0.009065558790629202,0.004971317523953855,1.823572674034118
2026-02-03,ON,-0.014512787441025576,-0.008455363130712823,1.716400255869565
2026-02-04,ON,-0.008415139104699154,-0.0048439179057576665,1.7372588199103451
2026-02-05,AMBIGUOUS,0.0007071623030221463,-0.0124892628772314,-0.05662162050502927
2026-02-06,OFF,0.0,0.019184793975496106,
2026-02-09,ON,0.006360434983335939,0.004821779145387506,1.3191054155643576
2026-02-10,ON,-0.004915708985206102,-0.0026371021797716443,1.864057078604277
2026-02-11,AMBIGUOUS,0.0007057324508110696,-0.00023113498477123073,
2026-02-12,OFF,0.0,-0.015448872914552103,
2026-02-13,AMBIGUOUS,0.0,0.0007045377823615695,
2026-02-17,OFF,0.0,0.0016134588719287635,
2026-02-18,OFF,0.0,0.005037713354905549,
2026-02-19,ON,-0.004936575951481781,-0.002637365569283623,1.871782967433932
2026-02-20,ON,0.01204819847132299,0.007231785221302411,1.6660061247163485
2026-02-23,ON,-0.017507003128492626,-0.010211302238274378,1.7144731122414765
2026-02-24,AMBIGUOUS,-0.002138256132727556,0.007268513358970052,-0.2941806703964766
2026-02-25,OFF,0.0,0.008438276037153747,
2026-02-26,ON,-0.010000024523053819,-0.005554405951797126,1.800376963772033
2026-02-27,ON,-0.007214966109124976,-0.004801969559279695,1.502501425728995
2026-03-02,AMBIGUOUS,0.0,0.0005685427688300049,
2026-03-03,ON,-0.015261630425426054,-0.008814341545397508,1.7314543969986116
2026-03-04,ON,0.01254613091519996,0.007055381465455479,1.77823565977662
2026-03-05,AMBIGUOUS,0.000728810132136104,-0.0055755948462250515,-0.13071432775097422
2026-03-06,OFF,0.0,-0.013107091790493297,
