date,portfolio_ret
2017-01-04,0.00011809905160209411
2017-01-05,0.0003555706300613082
2017-01-06,-0.0004143387012202071
2017-01-09,0.0004146823391035781
2017-01-10,-0.00017765897440391587
2017-01-11,0.0002369266521538016
2017-01-12,0.0001774752261507473
2017-01-13,-0.00023656774523772572
2017-01-17,0.0003551009607472011
2017-01-18,-0.00047324034549034444
2017-01-19,-0.00017721274199766768
2017-01-20,0.00029582114903004
2017-01-23,0.0004737391827382975
2017-01-24,-0.0002960709226161873
2017-01-25,-0.00011816232477501742
2017-01-26,5.9068007725482374e-05
2017-01-27,0.00023678646384084345
2017-01-30,0.0
2017-01-31,0.00011855402469507226
2017-02-01,-0.0001718544564552893
2017-02-02,0.00017776868905161614
2017-02-03,-0.00017770550810114472
2017-02-06,0.0005327639241567983
2017-02-07,-0.00011811553247953466
2017-02-08,0.0004730612910406329
2017-02-09,-0.0004133547237277213
2017-02-10,-5.930844725599016e-05
2017-02-13,-0.00011846845797636174
2017-02-14,-0.00035494778025169094
2017-02-15,-0.00017741019503525468
2017-02-16,0.00023670320813118373
2017-02-17,0.0003553205209039234
2017-02-21,5.915997387861971e-05
2017-02-22,0.00011814344163063595
2017-02-23,0.00023671847430906112
2017-02-24,0.00023660645607037623
2017-02-27,-0.00041390603067037457
2017-02-28,-0.0002363655778941931
2017-03-01,-0.0003907700472401965
2017-03-02,-0.0005331273042723517
2017-03-03,0.00011913592100532
2017-03-06,0.0001180222786993923
2017-03-07,-0.00017794102058066308
2017-03-08,-0.00041472847224377496
2017-03-09,-5.9311626653957283e-05
2017-03-10,0.0002965389950135844
2017-03-13,-0.0002370797250200729
2017-03-14,-5.9311626653957283e-05
2017-03-15,0.000949370217229184
2017-03-16,-0.00035545434829753475
2017-03-17,0.00023737326166806128
2017-03-20,0.0002960470265196413
2017-03-21,0.0002369576288105968
2017-03-22,0.00011836851884972077
2017-03-23,0.0
2017-03-24,0.0
2017-03-27,0.0001777544767644912
2017-03-28,-0.00023675931772160208
2017-03-29,0.0002958591420150203
2017-03-30,-0.0001183386338503567
2017-03-31,-0.0009370351378412689
2017-04-03,0.0004619324259778068
2017-04-04,-0.00017801411542128776
2017-04-05,0.004972066159096844
2017-04-06,0.00043486028341144234
2017-04-07,-0.0006508487324975443
2017-04-10,0.0003358671225939247
2017-04-11,0.00047401735201280104
2017-04-12,0.0054909354897132445
2017-04-13,-0.002247106417209932
2017-04-17,0.0008645472722919045
2017-04-18,-0.002724718803960746
2017-04-19,-0.002802230194108968
2017-04-20,-0.0026186352992715323
2017-04-21,-0.002176951910082492
2017-04-24,-0.0011325833655960738
2017-04-25,-0.002479157174870128
2017-04-26,-0.0002255027169598689
2017-04-27,-0.0034515553815961386
2017-04-28,0.00023632095792214258
2017-05-01,0.00042878675149582435
2017-05-02,0.000177643618240797
2017-05-03,-0.0003550529362953414
2017-05-04,-5.923557224329912e-05
2017-05-05,0.00017789008081026125
2017-05-08,-0.01159226030688787
2017-05-09,-0.0002575136568413461
2017-05-10,0.00011806810055436934
2017-05-11,-0.00220233210579468
2017-05-12,0.0068455589138551876
2017-05-15,-5.918650180203322e-05
2017-05-16,0.003005676486703912
2017-05-17,0.0028243784686246
2017-05-18,-0.001621794301189583
2017-05-19,0.0015071669499631124
2017-05-22,-0.0026422869046436315
2017-05-23,0.0022998910391600624
2017-05-24,0.0006420608199548816
2017-05-25,0.0
2017-05-26,-0.0005272975672433455
2017-05-30,-0.0014728035038428233
2017-05-31,0.001919418715947696
2017-06-01,0.0019013393557536507
2017-06-02,-0.002850648485008267
2017-06-05,0.004690538989058579
2017-06-06,0.0027842048586861345
2017-06-07,-0.0001771673463031309
2017-06-08,-0.0030132025898061965
2017-06-09,-0.00017770428753061118
2017-06-12,-5.918375708002799e-05
2017-06-13,0.0
2017-06-14,-0.008964356382003213
2017-06-15,-0.00017770428753061118
2017-06-16,0.002482426116976022
2017-06-19,-0.00029572475145944743
2017-06-20,-0.006319480835623059
2017-06-21,5.9237806173229046e-05
2017-06-22,5.8960575316735486e-05
2017-06-23,0.015378514573233026
2017-06-26,-0.017645338838931046
2017-06-27,0.001815269675206288
2017-06-28,0.026049013008858868
2017-06-29,-0.023494771811882087
2017-06-30,0.00022826357139371645
2017-07-03,-0.0042944280505266
2017-07-05,-0.004004618685014449
2017-07-06,0.003872367970056745
2017-07-07,-5.934800861484568e-05
2017-07-10,-0.0024002790766703974
2017-07-11,0.0026604252782771454
2017-07-12,0.00023711544897353498
2017-07-13,-0.005471295579898117
2017-07-14,0.00023711544897353498
2017-07-17,5.879187395896324e-05
2017-07-18,0.00011859555654769594
2017-07-19,0.0006346889239745579
2017-07-20,-0.003846316708305153
2017-07-21,0.00023632534860551502
2017-07-24,0.003912011649945812
2017-07-25,-0.000295978810830988
2017-07-26,-0.0019474420885516874
2017-07-27,0.0011342790575783468
2017-07-28,0.005587491693969104
2017-07-31,-0.0036202021824127684
2017-08-01,-0.005596972465857775
2017-08-02,-0.00023650452140988598
2017-08-03,0.00017754325452168374
2017-08-04,0.0007614881672499685
2017-08-07,0.006568766636935175
2017-08-08,-0.006731211306072016
2017-08-09,-5.899829099098586e-05
2017-08-10,-0.004300425416347453
2017-08-11,0.0006504452185374099
2017-08-14,0.006686603658770718
2017-08-15,-0.00023652632555792863
2017-08-16,-0.0034591705439916964
2017-08-17,0.00018267670150406978
2017-08-18,0.02011484150365206
2017-08-21,-0.013049260526921902
2017-08-22,-0.0024428903309947625
2017-08-23,0.0015538300757671486
2017-08-24,0.0016218432145187478
2017-08-25,-0.00013876986885530407
2017-08-28,0.002668603369458511
2017-08-29,0.00681724064115885
2017-08-30,-0.006501459392169062
2017-08-31,0.0009642826232325596
2017-09-01,0.0018123935550971026
2017-09-05,-0.0031839664076421803
2017-09-06,0.0031141084158743393
2017-09-07,0.004548732426490787
2017-09-08,-0.00810710760837241
2017-09-11,0.011644913973028359
2017-09-12,-0.0032280220441602836
2017-09-13,0.0018517538335836026
2017-09-14,0.0002945179801447928
2017-09-15,-0.0031556596396339343
2017-09-18,0.007481759960951351
2017-09-19,0.004185597737502045
2017-09-20,-0.0012167636750167743
2017-09-21,-0.006145320456444114
2017-09-22,-0.001818043739439723
2017-09-25,-0.005259975793990734
2017-09-26,-0.0041214271152971715
2017-09-27,0.002255144529686781
2017-09-28,0.004028314707248404
2017-09-29,0.0016883569940915333
2017-10-02,-0.0015444889190270317
2017-10-03,-0.0013018316342425784
2017-10-04,0.0009478547755121802
2017-10-05,0.002387211192277583
2017-10-06,-0.0013272911498964923
2017-10-09,0.0
2017-10-10,0.00011849133977226423
2017-10-11,0.004699397601638067
2017-10-12,-0.0009679065991039515
2017-10-13,0.0024136869358077906
2017-10-16,0.0016559840679162274
2017-10-17,-0.0008017373386406401
2017-10-18,3.246389140287853e-05
2017-10-19,-0.00033379419111634334
2017-10-20,-0.0011389498133715925
2017-10-23,0.0014762032989410478
2017-10-24,-0.0011701046272404314
2017-10-25,-7.63720027223691e-05
2017-10-26,0.0020648572716095437
2017-10-27,-0.00037850652380044814
2017-10-30,0.0018136335372167522
2017-10-31,-0.0007154092264103351
2017-11-01,0.0014382828862402608
2017-11-02,-0.0008013714230161728
2017-11-03,-0.0006735110395177379
2017-11-06,0.008260023384508486
2017-11-07,-0.00023739663017707802
2017-11-08,-0.0023696539414058693
2017-11-09,-5.946541402945815e-05
2017-11-10,0.0013138959173821796
2017-11-13,-0.0009476779988137896
2017-11-14,-0.0033378947408997384
2017-11-15,-0.0016370537676493324
2017-11-16,0.00047757817514515466
2017-11-17,0.0011644600215343637
2017-11-20,-0.0014276262202994605
2017-11-21,0.0019478035556474982
2017-11-22,0.002578749465424801
2017-11-24,0.0007243730773383028
2017-11-27,0.0010750676388115998
2017-11-28,-0.0015906793674330677
2017-11-29,-0.0036371032386095514
2017-11-30,-0.00273582938335859
2017-12-01,0.00011323202502477869
2017-12-04,-0.0002977549761590259
2017-12-05,-5.9315877940502304e-05
2017-12-06,-0.004642158879903491
2017-12-07,5.988982868365689e-05
2017-12-08,0.0020514243731573067
2017-12-11,0.0012996020039028888
2017-12-12,0.0
2017-12-13,-0.002613836153271487
2017-12-14,-0.00017867607784105566
2017-12-15,0.0033547354323177903
2017-12-18,0.0008601521680358104
2017-12-19,0.0008101296373690392
2017-12-20,0.0034279172362330357
2017-12-21,0.0019800549960566904
2017-12-22,0.0025736827136919604
2017-12-26,0.0042631530030312614
2017-12-27,0.0002387759335089612
2017-12-28,0.00107999964371297
2017-12-29,0.0001801781333763408
2018-01-02,-0.0018688271622897545
2018-01-03,0.003249029800246106
2018-01-04,0.0014056320676749667
2018-01-05,-0.0024282682984759774
2018-01-08,-0.00020320523675476654
2018-01-09,0.003075702686286874
2018-01-10,0.0009874747623532798
2018-01-11,0.0031907034194524897
2018-01-12,2.011612288144171e-05
2018-01-16,-0.0015822715331812454
2018-01-17,0.0021318213973864353
2018-01-18,0.0008214823793588621
2018-01-19,-0.00045998295556914925
2018-01-22,-0.0003388360592379014
2018-01-23,9.860325535471226e-05
2018-01-24,0.0012810022609262006
2018-01-25,0.0012775031434619777
2018-01-26,-0.0010951202177469366
2018-01-29,-0.003606780822491773
2018-01-30,-0.0031102942769795083
2018-01-31,0.0010095805641046063
2018-02-01,0.0010054419069520648
2018-02-02,-0.0035788647772462268
2018-02-05,-0.0007019801321545005
2018-02-06,-0.003954496323960166
2018-02-07,-0.006764172369230992
2018-02-08,-0.0009768980137190297
2018-02-09,-0.0056046271414424975
2018-02-12,0.0028303144505861244
2018-02-13,0.0005016883256061533
2018-02-14,0.003457462119549337
2018-02-15,-0.000697594053953754
2018-02-16,0.002088880316563957
2018-02-20,0.0007658641756913553
2018-02-21,0.0020798200319993576
2018-02-22,0.0009219495031671521
2018-02-23,0.0034599435026032577
2018-02-26,0.0017293048958100243
2018-02-27,-0.002489874367653022
2018-02-28,-0.0033436434391224124
2018-03-01,-0.0009458106552516776
2018-03-02,-0.000836360228105959
2018-03-05,0.004616360026486799
2018-03-06,-0.00022219533836043137
2018-03-07,-0.0025530353534680694
2018-03-08,-0.0006188211033493207
2018-03-09,0.0014255363626944906
2018-03-12,-0.0005798020307583585
2018-03-13,0.0007358518815494541
2018-03-14,-0.0002651509017317366
2018-03-15,-0.0003500554408771839
2018-03-16,-0.0017589492048740718
2018-03-19,0.0
2018-03-20,-0.0031855403317776476
2018-03-21,0.002348402569807284
2018-03-22,-4.91916275617843e-05
2018-03-23,0.0017298608006419691
2018-03-26,-0.0018858037411376705
2018-03-27,-0.0010855047616257218
2018-03-28,-0.0006858088478312041
2018-03-29,0.006939449002693943
2018-04-02,-0.0023113907884309004
2018-04-03,0.001816739689936453
2018-04-04,-0.007466247851856012
2018-04-05,0.006974750291091736
2018-04-06,-0.0010761043511469115
2018-04-09,0.0045239445362013075
2018-04-10,0.004240894143000773
2018-04-11,0.00040361609475247917
2018-04-12,0.000708928801663733
2018-04-13,-0.002132838032430362
2018-04-16,-0.0026875115639644065
2018-04-17,-0.00012180269266148791
2018-04-18,0.0030959554583493976
2018-04-19,0.0006658235764209763
2018-04-20,-0.0005834104203075174
2018-04-23,0.000141810907201112
2018-04-24,-0.0008878877131898166
2018-04-25,0.0023639493403555534
2018-04-26,0.0017290405282039956
2018-04-27,0.001522453185530459
2018-04-30,0.0016185277327540604
2018-05-01,0.00019560646769578582
2018-05-02,-0.00043615175442435206
2018-05-03,0.004643593941186186
2018-05-04,0.0011039019078094015
2018-05-07,-0.003546014865997371
2018-05-08,-0.0007340952721285321
2018-05-09,0.004231211743917829
2018-05-10,0.002068023457021173
2018-05-11,-0.003883763616104763
2018-05-14,0.0011465941111898914
2018-05-15,0.0020662580695143262
2018-05-16,-0.0013741158938133102
2018-05-17,0.002088713096235484
2018-05-18,0.0031817735168513384
2018-05-21,0.004288379612265247
2018-05-22,0.001546325220618261
2018-05-23,0.0033109207566177634
2018-05-24,-0.0026689469869993765
2018-05-25,-0.001025359529510994
2018-05-29,0.0010534590010298217
2018-05-30,-0.0005980969828116578
2018-05-31,-0.00023976334405795274
2018-06-01,-0.0019313799355376027
2018-06-04,-0.0072113899145113125
2018-06-05,-0.001863174574200932
2018-06-06,0.00011625639886192474
2018-06-07,0.002948690672889942
2018-06-08,-0.001200363737516752
2018-06-11,-0.003507852860017424
2018-06-12,0.004001563655785523
2018-06-13,-0.00141966454685305
2018-06-14,-0.0037599822140695904
2018-06-15,-0.007741977710079451
2018-06-18,0.0013308491621679686
2018-06-19,-0.004582364998154009
2018-06-20,0.00016733354663855948
2018-06-21,-0.0013284232347525737
2018-06-22,0.004757770592075161
2018-06-25,-0.0016411382007189834
2018-06-26,-0.0014216272117926199
2018-06-27,0.005188144706200326
2018-06-28,-0.0007665643277127154
2018-06-29,0.004485849627660521
2018-07-02,-0.005064284065657065
2018-07-03,0.0018382015568310095
2018-07-05,-0.0003020096035939446
2018-07-06,0.002942868958303979
2018-07-09,0.0013037190986897595
2018-07-10,0.00047933806211997165
2018-07-11,-0.00810410017190244
2018-07-12,0.0019291062880950616
2018-07-13,0.003557337270833738
2018-07-16,-0.006786726540742749
2018-07-17,0.0014053777421487723
2018-07-18,0.001075959325741227
2018-07-19,-0.00028597596643986645
2018-07-20,0.002817149915970374
2018-07-23,0.0003246320220895438
2018-07-24,0.0010664297787426058
2018-07-25,0.0029135212311057757
2018-07-26,0.0021163770362497836
2018-07-27,-0.0018085315025887505
2018-07-30,0.0038512778988337715
2018-07-31,-0.0026534299101347303
2018-08-01,-0.0022413240764116438
2018-08-02,0.002500713796977916
2018-08-03,-0.001930625748293835
2018-08-06,0.00011980711865233751
2018-08-07,0.004617695755297246
2018-08-08,-0.0037016316358997603
2018-08-09,-0.0017349359423577404
2018-08-10,0.0013222469518361368
2018-08-13,-0.004319948424679199
2018-08-14,0.0010083785592014394
2018-08-15,-0.004590658718220619
2018-08-16,-0.00012018533810154164
2018-08-17,0.0032698911522499596
2018-08-20,0.0011685800536063162
2018-08-21,-0.0004020187166171585
2018-08-22,0.0035296440603298507
2018-08-23,-0.001161999957834503
2018-08-24,0.0009635432304304636
2018-08-27,0.00012095516595511668
2018-08-28,0.0005209520618048025
2018-08-29,0.0022408599015066866
2018-08-30,0.00046007259936797773
2018-08-31,-0.00027846000451881014
2018-09-04,-0.0005720870130412337
2018-09-05,-0.0016355757430474016
2018-09-06,-0.003682163850436293
2018-09-07,0.0016372075926807117
2018-09-10,6.0261248712389914e-05
2018-09-11,0.0037154950490143612
2018-09-12,0.00019910138144196843
2018-09-13,-0.004042006536417286
2018-09-14,-0.00020024939803020558
2018-09-17,-0.0001205554564286393
2018-09-18,-6.010309193638097e-05
2018-09-19,0.0006221759174886987
2018-09-20,0.0017846775032133166
2018-09-21,-0.0019185765525315812
2018-09-24,0.0
2018-09-25,0.006134380847028886
2018-09-26,-0.0013507704656537944
2018-09-27,0.0018134539914163028
2018-09-28,-0.0001561875185278616
2018-10-01,0.005624702739225551
2018-10-02,0.0002786973021273731
2018-10-03,0.001428767356088878
2018-10-04,-0.0010998060232108031
2018-10-05,-2.0642945939730595e-05
2018-10-08,-0.0015332254684620183
2018-10-09,0.0018529320640281455
2018-10-10,-0.002623784106787763
2018-10-11,-0.005239942268729925
2018-10-12,0.002730175452957617
2018-10-15,4.2239946902444814e-05
2018-10-16,0.00041389779859102305
2018-10-17,-0.0027722757932688857
2018-10-18,-0.0007740286863553436
2018-10-19,-2.1735828763969067e-05
2018-10-22,0.0002785142263441731
2018-10-23,0.00030142660489129725
2018-10-24,-0.004537656090954134
2018-10-25,-0.0024966872514773364
2018-10-26,0.0013529895109694046
2018-10-29,-0.0006271593302495937
2018-10-30,-0.0019393848891126053
2018-10-31,-0.000403062342129501
2018-11-01,-0.003742737947636021
2018-11-02,-0.0005001494177955257
2018-11-05,0.001716014968510482
2018-11-06,-0.0021200120293611846
2018-11-07,0.0015186937190065919
2018-11-08,-0.0024689808547001535
2018-11-09,0.0003032660782853469
2018-11-12,0.00036191977880273285
2018-11-13,-0.001990620224932349
2018-11-14,0.0005673835982165087
2018-11-15,-0.0008706051604691067
2018-11-16,0.0006501239914804557
2018-11-19,0.0031013923294178625
2018-11-20,-0.0017608753777847985
2018-11-21,0.0
2018-11-23,-0.0009433143937365163
2018-11-26,5.9880297509806724e-05
2018-11-27,0.0002664038881159403
2018-11-28,0.00182831391547289
2018-11-29,0.0005312799472556584
2018-11-30,-0.0006408143140212985
2018-12-03,0.00041304379156148485
2018-12-04,0.00015634051042456854
2018-12-06,-0.00013456317186011368
2018-12-07,0.0005409770229727329
2018-12-10,0.000616576245865863
2018-12-11,3.283791549124615e-05
2018-12-12,-0.0006752036662797112
2018-12-13,0.0001728731057686339
2018-12-14,-0.0006242184186988631
2018-12-17,0.0004802551297080626
2018-12-18,0.0003969963558976275
2018-12-19,-0.000600032195372413
2018-12-20,0.00158826519687838
2018-12-21,0.00046256241474118553
2018-12-24,0.001857602156035476
2018-12-26,-0.0010322864961812561
2018-12-27,0.0024802689513354625
2018-12-28,-7.130980174641088e-05
2018-12-31,-0.0005491577299528982
2019-01-02,-0.0005654976405374823
2019-01-03,0.0014756267544278057
2019-01-04,-0.0009073086067693525
2019-01-07,0.0017265464663214214
2019-01-08,0.0001574862453681547
2019-01-09,0.0021277371845074278
2019-01-10,-0.0023171057791702143
2019-01-11,0.0008596181286422144
2019-01-14,0.0007468829654784237
2019-01-15,0.0006764644969252664
2019-01-16,-0.00011975265052710515
2019-01-17,-0.000432165005503804
2019-01-18,-0.002219864655774062
2019-01-22,0.00043958355689199813
2019-01-23,-0.00011979563696395967
2019-01-24,-0.0002459263275631507
2019-01-25,0.0027210683365734845
2019-01-28,0.0015073406314853877
2019-01-29,0.0011260598149471779
2019-01-30,0.002530741997933683
2019-01-31,0.0007869226702754695
2019-02-01,-0.0019996668570303466
2019-02-04,-0.0005959260557986124
2019-02-05,0.0
2019-02-06,-0.0006454153096701054
2019-02-07,0.0004823795224542238
2019-02-08,0.001003503290272434
2019-02-11,-0.0023187682788176067
2019-02-12,0.0006426365525717959
2019-02-13,-0.0019883304211714137
2019-02-14,0.0009682160279427254
2019-02-15,0.003815781424426845
2019-02-19,0.004134380434178464
2019-02-20,0.0007548777927461892
2019-02-21,-0.003452732793611135
2019-02-22,0.002384522464961236
2019-02-25,-0.0005693339489376559
2019-02-26,-0.0002713633108293312
2019-02-27,-0.0013655198177012773
2019-02-28,-0.0018188175695607045
2019-03-01,-0.005553861487462508
2019-03-04,-0.0015621738511600869
2019-03-05,0.0010181237475823668
2019-03-06,-0.0008887768460502654
2019-03-07,-0.00022762023656486274
2019-03-08,0.0026631266505261486
2019-03-11,-0.0002023499163044118
2019-03-12,0.0021319186638146803
2019-03-13,0.0013632949245079296
2019-03-14,-0.00367849796851738
2019-03-15,0.0023213387099225713
2019-03-18,0.0007504518436247665
2019-03-19,0.0009969327971957043
2019-03-20,0.0023705697368401335
2019-03-21,-0.001834126682659254
2019-03-22,-0.0004691255518519677
2019-03-25,0.0016142975658639536
2019-03-26,-0.0006182548784583464
2019-03-27,-0.0009096897586228225
2019-03-28,-0.0029055374923750987
2019-03-29,0.001228196666365422
2019-04-01,-0.001032988260147194
2019-04-02,0.0008014384764896132
2019-04-03,5.319059601793796e-05
2019-04-04,-0.00010951690368221634
2019-04-05,0.00023171920062825535
2019-04-08,0.001878990837002048
2019-04-09,0.000888672306535776
2019-04-10,0.0020107471254191545
2019-04-11,-0.004279127852165554
2019-04-12,0.0009495618660118055
2019-04-15,-0.0006456772541907352
2019-04-16,-0.001202189411981136
2019-04-17,0.0003457448494867954
2019-04-18,0.0007019811897075456
2019-04-22,0.0017640036667860848
2019-04-23,-3.073951055565516e-05
2019-04-24,0.0005879825852366238
2019-04-25,-0.001263791957267113
2019-04-26,-0.001728338993283951
2019-04-29,-0.0008457438671689577
2019-04-30,0.002111666917291588
2019-05-01,-0.004562892726103329
2019-05-02,-0.0038701947264632164
2019-05-03,0.002526172224022405
2019-05-06,0.001876501999322322
2019-05-07,-0.004356601012464489
2019-05-08,0.00047003728443728576
2019-05-09,0.00017110808715625758
2019-05-10,0.0013247880637088372
2019-05-13,-0.001135452719662866
2019-05-14,0.0019487191613238863
2019-05-15,0.0030781237507535586
2019-05-16,0.00022727082561901923
2019-05-17,-0.0023958493525398916
2019-05-20,-0.0005330989991906288
2019-05-21,-0.000511701172057677
2019-05-22,-0.0039386459034306265
2019-05-23,-0.004170383620252016
2019-05-24,0.0021208882100989257
2019-05-28,0.0006510132644930167
2019-05-29,-0.0014801059841385023
2019-05-30,-0.002093894030332555
2019-05-31,-0.005420931234888293
2019-06-03,0.0009638237620221979
2019-06-04,0.001828551974246917
2019-06-05,-0.004611272932356636
2019-06-06,0.003282841150048288
2019-06-07,0.0007941280504324411
2019-06-10,-0.0028042958869360923
2019-06-11,0.0021426982945653705
2019-06-12,-0.0006094488595742575
2019-06-13,0.003392520432969892
2019-06-14,0.001168270518281167
2019-06-17,-4.1286715588007006e-05
2019-06-18,0.00029691658568209434
2019-06-19,0.001302252193875253
2019-06-20,0.005965765620742136
2019-06-21,0.0007257172563590597
2019-06-24,0.003345766169911002
2019-06-25,0.000713678641258042
2019-06-26,-0.0006532461296251402
2019-06-27,-1.1518266700982771e-05
2019-06-28,-0.0024458234047755045
2019-07-01,-0.003952301010892945
2019-07-02,0.0022545572021570592
2019-07-03,0.002434114073257554
2019-07-05,-0.0019220329667054559
2019-07-08,-0.0016695995343998238
2019-07-09,-0.0003277147145110959
2019-07-10,0.004278020593660337
2019-07-11,0.00033880945813735686
2019-07-12,0.0018259975236207815
2019-07-15,-0.002066428992719027
2019-07-16,-0.002456714865153975
2019-07-17,0.0018643234879001103
2019-07-18,0.001188592080846984
2019-07-19,-0.0012563088280420631
2019-07-22,-0.0007305845079966788
2019-07-23,5.288019103200092e-05
2019-07-24,0.0011654920003905112
2019-07-25,-0.0008074109528346529
2019-07-26,-0.0005595937263132011
2019-07-29,0.0016030345097903798
2019-07-30,0.0007192794151364978
2019-07-31,-0.00403786283495311
2019-08-01,0.000756531892101453
2019-08-02,0.0008694838537768312
2019-08-05,0.002247531865851027
2019-08-06,-0.0003419919816856076
2019-08-07,0.003700094248899166
2019-08-08,0.0008868272499262808
2019-08-09,-0.00018859119118741496
2019-08-12,-0.003606188166363933
2019-08-13,0.00011686084938045127
2019-08-14,0.001225405949704994
2019-08-15,0.0007185230781479035
2019-08-16,-0.00044321616077247494
2019-08-19,-0.0026870595588136537
2019-08-20,0.0015336800955725316
2019-08-21,-0.0002563299598262736
2019-08-22,-0.0007703134257553979
2019-08-23,0.003416012515199185
2019-08-26,0.00010582685041016227
2019-08-27,0.0024766984733501918
2019-08-28,0.002089059214187561
2019-08-29,-0.0012698060236397968
2019-08-30,-0.0016856431205652944
2019-09-03,0.002002549001724585
2019-09-04,0.003947506417168789
2019-09-05,-0.005594428110605287
2019-09-06,-0.003038358899617566
2019-09-09,-0.00031663478204557727
2019-09-10,-0.0007823796261807736
2019-09-11,6.403692011591744e-05
2019-09-12,0.0012255017614613006
2019-09-13,-0.004039395173895399
2019-09-16,0.003047884011974089
2019-09-17,0.0005132369666989156
2019-09-18,-0.001742880350870779
2019-09-19,0.0005501134608612013
2019-09-20,0.0018973137839319865
2019-09-23,0.002103066845988044
2019-09-24,0.0010624361817699324
2019-09-25,-0.0041731169256157274
2019-09-26,0.0006424886413045616
2019-09-27,-0.0009228152301896664
2019-09-30,-0.001627608862508123
2019-10-01,0.0016571957142801352
2019-10-02,0.0017109152649819048
2019-10-03,0.0017666030229979146
2019-10-04,6.958959245739749e-05
2019-10-07,-0.0016404381874203233
2019-10-08,0.00222125320591271
2019-10-09,-0.0001445335531066183
2019-10-10,-0.002401212663526331
2019-10-11,0.00012798563500626692
2019-10-14,0.0006788214290069927
2019-10-15,-0.0015911878684541358
2019-10-16,0.0013495876159868025
2019-10-17,0.001303316968600754
2019-10-18,0.0009226537181508121
2019-10-21,-0.0016401271283124075
2019-10-22,-1.5277976877725585e-05
2019-10-23,0.00047484544766041026
2019-10-24,0.0009595199892853401
2019-10-25,0.0006203098521631034
2019-10-28,-0.0020037841975820703
2019-10-29,-0.0002017283987454377
2019-10-30,0.0008284339759159209
2019-10-31,0.0022055893922132697
2019-11-01,0.0026110163682451226
2019-11-04,-0.0034165505267897966
2019-11-05,-0.006283058933578944
2019-11-06,0.0019690716817390985
2019-11-07,-0.007514403188547902
2019-11-08,-0.0037563288590516386
2019-11-11,0.000727187629937287
2019-11-12,0.0015319441001653278
2019-11-13,0.0015765202722120009
2019-11-14,0.001949151541834171
2019-11-15,-0.0029543088976661247
2019-11-18,0.004592603995325462
2019-11-19,0.002579497229793226
2019-11-20,-0.0009752896643177023
2019-11-21,-0.006753198272033245
2019-11-22,-0.001796157500354556
2019-11-25,-0.0015233703524871745
2019-11-26,0.008510937154614151
2019-11-27,-0.001578721104054992
2019-11-29,0.006329531273440381
2019-12-02,6.0647534432245465e-05
2019-12-03,0.0010300812484855815
2019-12-04,-0.0010921351774774157
2019-12-05,-0.0001285092481991823
2019-12-06,-0.0021063566169498005
2019-12-09,0.00010770141204385908
2019-12-10,0.0001939058917410641
2019-12-11,0.001058603410046155
2019-12-12,0.0011801688116064302
2019-12-13,0.00037730074357811283
2019-12-16,0.000838884557030628
2019-12-17,-0.00030895854456503
2019-12-18,0.0009143349402371825
2019-12-19,0.0018286891234042812
2019-12-20,-0.0001702347789762637
2019-12-23,0.0012677230617168522
2019-12-24,0.0018028201034885338
2019-12-26,0.0027621798538715048
2019-12-27,0.0007133945033599431
2019-12-30,0.0008932652381559159
2019-12-31,-0.0019940633745054726
2020-01-02,-0.0020348422666317534
2020-01-03,0.0002975161414826566
2020-01-06,0.004244844145054438
2020-01-07,0.0013821491185419532
2020-01-08,-0.01463700882948693
2020-01-09,-0.004416074873964337
2020-01-10,0.006637357663611176
2020-01-13,-0.0038487572233240064
2020-01-14,0.004912708967962143
2020-01-15,0.00523818039106172
2020-01-16,-0.001207508035374505
2020-01-17,-0.0015114043597588278
2020-01-21,-0.001452722841345233
2020-01-22,-0.003917281889979529
2020-01-23,-0.002724522226313253
2020-01-24,-0.0007572455551653201
2020-01-27,-0.00929312596397136
2020-01-28,-0.007042967989678406
2020-01-29,0.0030369585795788634
2020-01-30,-0.0015875247380738866
2020-01-31,-0.00563069198573829
2020-02-03,-0.0029033963300073573
2020-02-04,-0.001194958504838528
2020-02-05,0.0018666295669182986
2020-02-06,0.0007812222307344019
2020-02-07,0.0028331686226348296
2020-02-10,-0.001960618494098121
2020-02-11,0.0010880653013993768
2020-02-12,-1.5332624076380696e-05
2020-02-13,0.0004478199948767525
2020-02-14,0.0004551907286645118
2020-02-18,0.00500966328966479
2020-02-19,0.001364339320643726
2020-02-20,0.00011792677947819463
2020-02-21,0.001410058685487492
2020-02-24,4.362363418519699e-05
2020-02-25,-0.004460749882012616
2020-02-26,-0.002211764841580588
2020-02-27,-0.005184146179547877
2020-02-28,-0.006206498734223409
2020-03-02,-0.00011384020885962798
2020-03-03,0.005269559876452057
2020-03-04,-0.001673655491994941
2020-03-05,0.0028753832817098868
2020-03-06,-0.0006783559080327795
2020-03-09,-0.00038486247764057957
2020-03-10,-0.0017387218125424209
2020-03-11,-0.003639142343037416
2020-03-12,-0.00497374251228111
2020-03-13,-0.0031382028347550772
2020-03-16,-0.005500423338358429
2020-03-17,0.00041755040762625484
2020-03-18,-0.003636586053058277
2020-03-19,0.004406183573440359
2020-03-20,-0.002528276023444964
2020-03-23,0.005224188687473097
2020-03-24,0.010189863344017613
2020-03-25,-0.0033158272652695775
2020-03-26,0.002424533294496989
2020-03-27,-0.0070153349266612874
2020-03-30,-0.005599512220571534
2020-03-31,-0.0001150263124571893
2020-04-01,0.003626653503310706
2020-04-02,0.003162832678439642
2020-04-03,-0.0020957177325438003
2020-04-06,0.0012909857896266086
2020-04-07,-0.0009314851119693879
2020-04-08,-0.0009958889906549473
2020-04-09,-0.00017773487331940174
2020-04-13,0.003337876135594442
2020-04-14,0.001629509222458081
2020-04-15,-0.004931318259423723
2020-04-16,-0.00011886049914378027
2020-04-17,0.0008821497508768594
2020-04-20,-0.001872252131852159
2020-04-21,-0.00023667718090614187
2020-04-22,0.0004145164881299568
2020-04-23,0.002994529745280472
2020-04-24,-0.0004666339565413402
2020-04-27,0.00046706985785283095
2020-04-28,5.663517928145012e-05
2020-04-29,0.0006424437221170809
2020-04-30,-0.0014653047812626108
2020-05-01,0.0006673259565905809
2020-05-04,0.0007006781707492582
2020-05-05,0.0015743168317503553
2020-05-06,0.00017346283486041614
2020-05-07,0.0003462537550102951
2020-05-08,0.00011713159358572867
2020-05-11,-0.004355389558668987
2020-05-12,0.0011932275643184997
2020-05-13,-0.000140281031444367
2020-05-14,-0.0010040905502290975
2020-05-15,0.003755952764635584
2020-05-18,-0.002730502862889006
2020-05-19,0.0007329402562188392
2020-05-20,2.3325454381772914e-05
2020-05-21,0.0009354263562784126
2020-05-22,-0.0012815080974912796
2020-05-26,0.0002568062237129354
2020-05-27,0.0010522264776333667
2020-05-28,-0.000770775848772054
2020-05-29,0.00014001224485782338
2020-06-01,0.0009689435131354784
2020-06-02,-0.0010014189425104902
2020-06-03,-0.0011044609511761116
2020-06-04,0.0049068885116563266
2020-06-05,-0.0048960941976325945
2020-06-08,-0.00025557545465815235
2020-06-09,0.00022005280716230757
2020-06-10,0.0008967944147437734
2020-06-11,-0.00030130912827086576
2020-06-12,0.0006639617219663663
2020-06-15,-0.0009548296651493704
2020-06-16,0.0004088964725657007
2020-06-17,-0.0027442387667049317
2020-06-18,0.0006465251658522853
2020-06-19,0.0017567227978874111
2020-06-22,-0.000349165775407001
2020-06-23,0.00023236574904594853
2020-06-24,0.0006422948995425948
2020-06-25,0.0009338811660926094
2020-06-26,-0.00017613235036684216
2020-06-29,-0.00023473140474716825
2020-06-30,0.00017579657080180056
2020-07-01,-0.0008673949202184783
2020-07-02,0.001165537198502875
2020-07-06,0.0005964014205912527
2020-07-07,4.566080781764903e-05
2020-07-08,0.00023289177933327743
2020-07-09,0.0011627338181803282
2020-07-10,0.0016845039387807237
2020-07-13,0.002082403959271284
2020-07-14,-0.000610359231258295
2020-07-15,0.00014980037195444496
2020-07-16,-0.0004612518614097727
2020-07-17,0.0006928048495888905
2020-07-20,0.0017986455427752013
2020-07-21,0.0040671430004040054
2020-07-22,0.0035211380955604277
2020-07-23,-0.0015163827395702212
2020-07-24,0.0008521920913497905
2020-07-27,0.003906623384652086
2020-07-28,0.0019142661519442328
2020-07-29,-0.0014526625388546766
2020-07-30,-0.0011078779021048701
2020-07-31,0.002288300609122551
2020-08-03,-2.2344663651030494e-05
2020-08-04,0.0042968376864365165
2020-08-05,0.001997462458072974
2020-08-06,0.004761899949571546
2020-08-07,-0.004686741585222309
2020-08-10,0.002431198431359416
2020-08-11,-0.01005222356846891
2020-08-12,0.0011657107293991942
2020-08-13,0.00451624093604952
2020-08-14,-0.0012530380245602268
2020-08-17,0.004401672726769501
2020-08-18,0.0025092405561482067
2020-08-19,-0.0020657662515931596
2020-08-20,0.0017211829127172784
2020-08-21,-0.0045662114376078256
2020-08-24,0.00205052421077756
2020-08-25,0.002820237955207583
2020-08-26,0.001318591640726119
2020-08-27,0.0013671951487692624
2020-08-28,0.0019219382493758097
2020-08-31,0.0019158343316498794
2020-09-01,0.0005139363666886165
2020-09-02,-0.005866818375586558
2020-09-03,-0.014993683731266416
2020-09-04,0.003231275975250414
2020-09-08,-0.017224173402400567
2020-09-09,0.01213974606953161
2020-09-10,-0.010861496526325953
2020-09-11,0.002265205244908808
2020-09-14,0.01738858591847725
2020-09-15,0.0053242784172875535
2020-09-16,0.0057207232705649425
2020-09-17,0.0012554691842865395
2020-09-18,-0.0012299246580916856
2020-09-21,-0.03179941653492868
2020-09-22,0.0005977087161661565
2020-09-23,-0.03673336846915376
2020-09-24,0.0077011731219789326
2020-09-25,0.0008427403033242076
2020-09-28,0.013493629677926222
2020-09-29,0.00296975957849388
2020-09-30,0.0047526801652229
2020-10-01,-0.0025902189500588424
2020-10-02,-0.00114188207585042
2020-10-05,0.005665205863870204
2020-10-06,0.002658671857440842
2020-10-07,0.0034894912072533923
2020-10-08,0.00010666697261485503
2020-10-09,0.004482466034275268
2020-10-12,-0.0034804749557870718
2020-10-13,0.0009011564020731111
2020-10-14,0.002296933324995143
2020-10-15,0.0017454875996651964
2020-10-16,-0.00026866588016960513
2020-10-19,0.0020054953258266117
2020-10-20,0.004147416983932617
2020-10-21,0.0008340423750610171
2020-10-22,-0.00017374371719580672
2020-10-23,-0.002023693592711373
2020-10-26,-0.003370373010468275
2020-10-27,0.0010313623575948228
2020-10-28,-0.010817102399808487
2020-10-29,-0.002567680218296009
2020-10-30,-0.0012446717217775571
2020-11-02,0.017439121073533403
2020-11-03,0.013693265346932826
2020-11-04,-0.004761842210566081
2020-11-05,0.036310281002874145
2020-11-06,0.007504211462973087
2020-11-09,-0.012176669351865899
2020-11-10,-0.007776216958449211
2020-11-11,-0.006397269683514284
2020-11-12,0.00013855852214095243
2020-11-13,0.010400794485059928
2020-11-16,0.009153992080887852
2020-11-17,-0.006372004089878813
2020-11-18,-0.008002404275007868
2020-11-19,-0.003891322697378019
2020-11-20,0.010381367877565939
2020-11-23,-0.005699543853939226
2020-11-24,0.0034254071142387765
2020-11-25,-0.0030290188620758496
2020-11-27,0.008681352372501117
2020-11-30,-0.0067961736963984
2020-12-01,0.02088721422048634
2020-12-02,5.628006064983815e-05
2020-12-03,0.003972824329661506
2020-12-04,0.005958598750515076
2020-12-07,0.00808409965566792
2020-12-08,0.0009733074075426451
2020-12-09,-0.00771117275964428
2020-12-10,0.009924575892403587
2020-12-11,-0.005873335713010852
2020-12-14,-0.0022045830646995057
2020-12-15,0.017906704054710065
2020-12-16,0.012175315079492544
2020-12-17,0.018273140161248813
2020-12-18,-0.0014164052567555707
2020-12-21,0.005264590586621987
2020-12-22,-0.016764201098900644
2020-12-23,0.013716770291421376
2020-12-24,0.0023747682536963133
2020-12-28,0.009554594608460087
2020-12-29,-0.0019023265147237733
2020-12-30,0.018704523080682822
2020-12-31,-0.0032001198751873128
2021-01-04,0.028240148103423346
2021-01-05,0.032209977735127016
2021-01-06,0.004970956313947283
2021-01-07,0.01065226740608538
2021-01-08,-0.013340263804715424
2021-01-11,-0.013273713032927348
2021-01-12,0.022583768425540995
2021-01-13,-0.011597761874868384
2021-01-14,0.009300699035234006
2021-01-15,-0.01898879026765543
2021-01-19,0.003104128692358543
2021-01-20,0.008610464099704895
2021-01-21,-0.006692634684671295
2021-01-22,-0.008476936209875219
2021-01-25,-0.00517924384084556
2021-01-26,-0.003013764512759476
2021-01-27,-0.02150447528323851
2021-01-28,0.014523406326186539
2021-01-29,-0.009688076752991326
2021-02-01,0.02371354152982308
2021-02-02,0.0006548940508002143
2021-02-03,0.013320064026427936
2021-02-04,-0.0007413342766777742
2021-02-05,-0.0014161876035071463
2021-02-08,0.024311653640323394
2021-02-09,0.006357490253621423
2021-02-10,-0.0013305308870772414
2021-02-11,-0.001482797678076353
2021-02-12,0.0072630473419905694
2021-02-16,0.024093992650322082
2021-02-17,0.0005880650679739308
2021-02-18,-0.018428422070634554
2021-02-19,0.010146650377096167
2021-02-22,0.018973121186806496
2021-02-23,-0.010229556931364292
2021-02-24,0.017618317200701616
2021-02-25,-0.026774691901082726
2021-02-26,-0.011210099337244595
2021-03-01,0.018352286672426388
2021-03-02,-0.005338603045019541
2021-03-03,0.0029865181752599668
2021-03-04,-0.011562481251509493
2021-03-05,0.02070997021673948
2021-03-08,-0.00603314180481862
2021-03-09,-0.007653275547051974
2021-03-10,0.00812906911078115
2021-03-11,0.02186118919046276
2021-03-12,-0.004735037599278291
2021-03-15,-0.004091294455879857
2021-03-16,-0.01648371248334124
2021-03-17,0.005775857565214704
2021-03-18,-0.03566285752822529
2021-03-19,0.006701693250191987
2021-03-22,-0.0028822345494855517
2021-03-23,-0.03803015190869763
2021-03-24,0.002713756358315722
2021-03-25,-0.0029384109824414084
2021-03-26,0.026100615294261553
2021-03-29,-0.010212106272235011
2021-03-30,-4.411474540944038e-05
2021-03-31,0.009247737050656069
2021-04-01,0.002081122640350319
2021-04-05,-0.0015616917595131508
2021-04-06,0.0022000483261015447
2021-04-07,0.0014114731828074323
2021-04-08,0.002873808115548604
2021-04-09,-0.00017396409216829944
2021-04-12,-0.0017270518190795059
2021-04-13,0.0017903755860753101
2021-04-14,0.008592918208698563
2021-04-15,0.003987787627713679
2021-04-16,-0.00093112907865045
2021-04-19,0.0004668842469359724
2021-04-20,0.0018635616452187254
2021-04-21,0.0020314055463352965
2021-04-22,0.004279597357538245
2021-04-23,0.002464132749107062
2021-04-26,0.0048462336601957645
2021-04-27,0.0018058455584410993
2021-04-28,-0.002922361484992475
2021-04-29,-0.0002238725046200818
2021-04-30,0.0007378618161104633
2021-05-03,0.015181958696330655
2021-05-04,0.008740126656223035
2021-05-05,0.014290795432838843
2021-05-06,0.008331871722327744
2021-05-07,0.027839282679006816
2021-05-10,-0.00525960666026537
2021-05-11,-0.0019695147456393336
2021-05-12,-0.013866376118863877
2021-05-13,-0.022095498798416213
2021-05-14,0.013289594505385693
2021-05-17,0.013361130763906548
2021-05-18,-0.0015404972304645659
2021-05-19,-0.022516582336710056
2021-05-20,-0.004854782861312912
2021-05-21,0.00019006856287107077
2021-05-24,0.005195620195994399
2021-05-25,-0.01044367226060694
2021-05-26,0.011042064413878228
2021-05-27,0.017963650915868046
2021-05-28,-0.001042854869295895
2021-06-01,0.02937242086797065
2021-06-02,0.01029252482110965
2021-06-03,-0.006574831047007512
2021-06-04,0.011389991861741944
2021-06-07,-0.005315819519417508
2021-06-08,0.0015211086855746458
2021-06-09,-0.005185683288696952
2021-06-10,-0.001077692625212734
2021-06-11,0.0014973714783048653
2021-06-14,-0.00999080059843993
2021-06-15,-0.008938016720381414
2021-06-16,-0.010492124774399425
2021-06-17,-0.029904200940895187
2021-06-18,-0.0020164550703328787
2021-06-21,0.021540366183921078
2021-06-22,0.0030914561459876033
2021-06-23,0.008929144673743394
2021-06-24,0.007043636834685119
2021-06-25,0.0006553637192743267
2021-06-28,-0.011198004107845883
2021-06-29,-0.0008222946236411399
2021-06-30,0.012183238529255291
2021-07-01,0.0002316297727082972
2021-07-02,0.002871616717175396
2021-07-06,-0.009753867134194127
2021-07-07,-0.0020346873293013434
2021-07-08,0.0004003502445910634
2021-07-09,0.002010745020158744
2021-07-12,0.002477695652800538
2021-07-13,0.001508605878364433
2021-07-14,0.0015088991330984847
2021-07-15,-0.00027288672403169567
2021-07-16,0.002259900695294359
2021-07-19,-0.009655900329927025
2021-07-20,0.005107661811171171
2021-07-21,0.005154120468029433
2021-07-22,0.0017879687566551006
2021-07-23,0.0003042831669457513
2021-07-26,0.0033298298610011656
2021-07-27,-0.0010246033164642565
2021-07-28,0.0015278442756812005
2021-07-29,0.004397426559624051
2021-07-30,-0.0035973414169326867
2021-08-02,0.0003480785028988631
2021-08-03,-0.0009755024288844449
2021-08-04,-0.003432511668991056
2021-08-05,0.002064371757341199
2021-08-06,0.0008052962242415251
2021-08-09,-0.004084019209596446
2021-08-10,0.005080681870442749
2021-08-11,0.0021819934200637547
2021-08-12,0.002266143285905464
2021-08-13,0.0007505938731262596
2021-08-16,-0.0023459178205544884
2021-08-17,-0.0030267650371451627
2021-08-18,-0.002456144806744165
2021-08-19,-0.006113245554587143
2021-08-20,-0.005295387377734162
2021-08-23,0.006271907945651911
2021-08-24,0.0067146514276257285
2021-08-25,0.0022235704556445857
2021-08-26,-0.0004867461603146328
2021-08-27,0.0031089859431228106
2021-08-30,0.0002774352069407904
2021-08-31,0.000749158509227188
2021-09-01,-0.005359674219815425
2021-09-02,0.0039100091228176925
2021-09-03,0.0011315653038654894
2021-09-07,-0.0043676065524321794
2021-09-08,0.0007667906223560728
2021-09-09,-0.0010212187606524203
2021-09-10,0.003896320978295842
2021-09-13,0.0004390688682835986
2021-09-14,0.0005421722422678243
2021-09-15,0.003547220233787618
2021-09-16,-0.002575495712334064
2021-09-17,-0.0031725948612396637
2021-09-20,-0.006520496792291941
2021-09-21,0.0006082412063517229
2021-09-22,0.004429868648581081
2021-09-23,0.0046126296703004055
2021-09-24,0.002478776128193916
2021-09-27,0.003859823709426946
2021-09-28,-0.0015285191380943752
2021-09-29,0.0009698990418505193
2021-09-30,0.003612967652707244
2021-10-01,0.0029208844081396457
2021-10-04,0.0030645135887692465
2021-10-05,0.005556594694091643
2021-10-06,-0.0029884999015800107
2021-10-07,0.0026184171967429393
2021-10-08,0.000442661616265827
2021-10-11,0.0007951891596795768
2021-10-12,-0.0017348789056929048
2021-10-13,0.0009058626860021235
2021-10-14,0.003695741545804321
2021-10-15,0.002155060389165575
2021-10-18,-0.0020223533596709364
2021-10-19,0.0003274805458457486
2021-10-20,0.0035312203163127
2021-10-21,-0.005886250676244598
2021-10-22,0.0008025036855279222
2021-10-25,0.0020677760683034396
2021-10-26,0.00018840857361812624
2021-10-27,-0.0022480960506690018
2021-10-28,0.002046026111607979
2021-10-29,-0.001007807894968682
2021-11-01,0.0038936746956621526
2021-11-02,0.00037301091629382555
2021-11-03,-0.004068606097213823
2021-11-04,-0.0011978004264134867
2021-11-05,0.0028359404090121387
2021-11-08,0.0006373813286357777
2021-11-09,0.0027229260114156606
2021-11-10,-0.0041652619179650685
2021-11-11,0.0011723405260894992
2021-11-12,0.0013188623352773376
2021-11-15,-0.00020987812980377551
2021-11-16,-0.0007575500361721721
2021-11-17,-0.00028033433334706537
2021-11-18,-5.8416610967282345e-05
2021-11-19,-0.0034578184098656983
2021-11-22,-0.0008889275972601141
2021-11-23,0.004130919172953718
2021-11-24,-0.001633994573056352
2021-11-26,-0.014243394225080697
2021-11-29,-0.00022232169906832855
2021-11-30,-0.010464283608687897
2021-12-01,-0.001785758175937291
2021-12-02,0.0018533836336480647
2021-12-03,0.0012529237446075037
2021-12-06,0.004386815981815229
2021-12-07,0.0023024508758231477
2021-12-08,0.003229010302157942
2021-12-09,-0.004555829275044387
2021-12-10,0.00244343120575774
2021-12-13,-0.000650427335258108
2021-12-14,-0.002496168158673817
2021-12-15,0.0004915569647103712
2021-12-16,0.0032419154404856876
2021-12-17,-0.003061688352143821
2021-12-20,-0.002885903822779423
2021-12-21,0.00568542322530563
2021-12-22,0.004284897102524887
2021-12-23,0.002008459610650659
2021-12-27,0.0030837124945837235
2021-12-28,-0.004260304241483159
2021-12-29,0.0032068818536608035
2021-12-30,-0.0005613313279220211
2021-12-31,-0.0009136255338212385
2022-01-03,-0.0016126311398463322
2022-01-04,0.005100049736943335
2022-01-05,-0.0030240629549946885
2022-01-06,-0.001435274188192004
2022-01-07,0.0022799477644956934
2022-01-10,-0.0023380243900887887
2022-01-11,0.0044538245980647595
2022-01-12,0.003556764697015158
2022-01-13,-0.0026452764961277797
2022-01-14,0.003437450271212672
2022-01-18,-0.0019392652304301983
2022-01-19,0.0064661974290025626
2022-01-20,-0.0007829701743353734
2022-01-21,-0.0005877932717555101
2022-01-24,0.0007942819446724592
2022-01-25,0.0029329754266480546
2022-01-26,-0.0015436330182417857
2022-01-27,-0.0025684075798662054
2022-01-28,0.0011761582695570816
2022-01-31,0.0028267486147552923
2022-02-01,0.004919201259423689
2022-02-02,-0.0015193733402125709
2022-02-03,0.003694443690827498
2022-02-04,-0.0031194583156473055
2022-02-07,0.003226598617120935
2022-02-08,-0.0016694793814028275
2022-02-09,0.005156208182048649
2022-02-10,-0.004637582515087613
2022-02-11,0.007051130312859755
2022-02-14,-0.00042490058136757103
2022-02-15,-0.004782033748461645
2022-02-16,0.0011372048610076568
2022-02-17,0.004332421665429909
2022-02-18,0.0010200454158932892
2022-02-22,0.007039354302134315
2022-02-23,-0.0002964429402274593
2022-02-24,0.001674912126922612
2022-02-25,-0.009110925772437217
2022-02-28,0.01112841593498004
2022-03-01,0.014637287501665153
2022-03-02,0.0041493146585083185
2022-03-03,0.009658882943870406
2022-03-04,0.011637430372031021
2022-03-07,0.007895100665068044
2022-03-08,0.009317219961082257
2022-03-09,-0.02780265625621514
2022-03-10,-0.003961518607791259
2022-03-11,0.005476655845579881
2022-03-14,-0.00925282663084015
2022-03-15,-0.00326014617560777
2022-03-16,-0.004842687999478401
2022-03-17,0.008782564632651368
2022-03-18,0.001074309716209365
2022-03-21,0.004880127842381121
2022-03-22,-0.001060147133832956
2022-03-23,0.004302096672239131
2022-03-24,-0.0014535313720860366
2022-03-25,-0.00048464521048341425
2022-03-28,-0.008637723737753955
2022-03-29,0.0006925493693956675
2022-03-30,0.003071878832096697
2022-03-31,-0.002696991433826512
2022-04-01,-0.001496062758543082
2022-04-04,0.004220946888138233
2022-04-05,-0.0009014492498369275
2022-04-06,-0.0005365300639820214
2022-04-07,0.002759148722967897
2022-04-08,0.002904060486486948
2022-04-11,0.0015275789901934012
2022-04-12,0.0068769243358852705
2022-04-13,0.004475992345804647
2022-04-14,-0.0007550829675577742
2022-04-18,0.004054665848155281
2022-04-19,-0.007462228125245218
2022-04-20,-0.0012989913545033982
2022-04-21,-0.0028133576654365555
2022-04-22,-0.007666407116366014
2022-04-25,-0.0021910406383955916
2022-04-26,0.0032980194504341753
2022-04-27,0.0024404749311548457
2022-04-28,0.0012687564412305896
2022-04-29,-0.0036212280226702864
2022-05-02,0.0015968541379747236
2022-05-03,-0.003200841262046006
2022-05-04,0.008622186506628493
2022-05-05,-0.0034838226000889483
2022-05-06,-0.0016830411679520374
2022-05-09,-0.008854532443010266
2022-05-10,-0.0014482531369874874
2022-05-11,0.004903975332156474
2022-05-12,0.0026716515122648943
2022-05-13,0.0034036614918995234
2022-05-16,0.0068251078972902945
2022-05-17,-0.0022529774319752782
2022-05-18,-0.004600407444464771
2022-05-19,0.0005743646924334378
2022-05-20,0.0002864394271850923
2022-05-23,0.000871391998103821
2022-05-24,-0.0015200137818588422
2022-05-25,0.0008058759133136029
2022-05-26,0.0026451490208430073
2022-05-27,0.0013022234414989953
2022-05-31,-0.0035064756057749946
2022-06-01,-0.0033766473584255774
2022-06-02,0.0038447274285431376
2022-06-03,-3.259010625922265e-05
2022-06-06,0.0017040111970276772
2022-06-07,0.00020730433511895185
2022-06-08,0.002286492790613215
2022-06-09,0.002565025261263676
2022-06-10,-0.004874931634291979
2022-06-13,-0.0042994666557829575
2022-06-14,-0.003322802843439776
2022-06-15,-0.00026040694809459364
2022-06-16,0.0033646023460027763
2022-06-17,-0.005308153262500337
2022-06-21,-0.004947151648765802
2022-06-22,-0.002375130123012159
2022-06-23,-0.007582238332920932
2022-06-24,-0.000360267927390856
2022-06-27,-0.0020607617686927426
2022-06-28,0.0021200890410015827
2022-06-29,0.00012775184183588806
2022-06-30,-0.004535893241316424
2022-07-01,-0.0011565532388814193
2022-07-05,-0.012061642720404442
2022-07-06,-0.0027155402334789747
2022-07-07,0.005468619604269032
2022-07-08,0.004006174641943305
2022-07-11,0.000181962827920934
2022-07-12,-0.005208298650046572
2022-07-13,0.0010062110030668592
2022-07-14,-0.0010039268641005572
2022-07-15,0.001516582077352835
2022-07-18,0.001669640454714738
2022-07-19,-0.001363798308470665
2022-07-20,-0.0002247188006052614
2022-07-21,-0.0017213548537453605
2022-07-22,-0.0020311063268270146
2022-07-25,0.0014719048937594792
2022-07-26,-0.000804389503605174
2022-07-27,0.001945491366702523
2022-07-28,0.0002591970302265878
2022-07-29,-0.0007224845169636618
2022-08-01,-0.0016705147778396379
2022-08-02,-0.0020807937591976744
2022-08-03,0.00018152812600114032
2022-08-04,-0.0012495421586018463
2022-08-05,-0.0029722220344152728
2022-08-08,0.0013223520082601414
2022-08-09,0.001855631556007431
2022-08-10,0.0016499108195937584
2022-08-11,0.0008142270421189757
2022-08-12,-0.0003759361481101564
2022-08-15,-0.0005709339124937429
2022-08-16,-0.00025754777276498775
2022-08-17,7.431200468022148e-05
2022-08-18,0.0022211636481006547
2022-08-19,-3.239605100469056e-05
2022-08-22,-0.000335833667329255
2022-08-23,0.0018951763659287302
2022-08-24,-0.00038105395235021877
2022-08-25,-0.00027288617520948577
2022-08-26,0.0004555012948039838
2022-08-29,-0.00019933417045869817
2022-08-30,-0.0027116233777557675
2022-08-31,-0.001383919736811734
2022-09-01,-0.0013599693816395142
2022-09-02,0.002591228553272984
2022-09-06,-0.0022530265938639493
2022-09-07,-0.0018931211764930955
2022-09-08,-0.0006411675504165437
2022-09-09,0.00047534027326534556
2022-09-12,0.0008722181729314826
2022-09-13,-0.001705742151249523
2022-09-14,-0.00026165451529158723
2022-09-15,-0.0010495011985296454
2022-09-16,-0.0010867774151024356
2022-09-19,0.0001167177257745955
2022-09-20,-0.0005618996559350053
2022-09-21,-0.0008625894087004315
2022-09-22,-0.0016719575362227346
2022-09-23,-0.0019521641148972924
2022-09-26,-0.0017783678629929023
2022-09-27,0.0008392286865432919
2022-09-28,0.0018240518715213483
2022-09-29,-0.001011105184723582
2022-09-30,-0.00026267368354515597
2022-10-03,0.0010973127801521265
2022-10-04,0.0008554130981148766
2022-10-05,0.000513319514949151
2022-10-06,-0.0009498218028987093
2022-10-07,-0.0013357932948274698
2022-10-10,0.0008703172571873363
2022-10-11,-0.0002544362482664875
2022-10-12,-8.680901773860938e-06
2022-10-13,-0.000474365503225771
2022-10-14,-0.0004143402590668366
2022-10-17,-0.0002795326129608755
2022-10-18,7.967298511002419e-05
2022-10-19,-0.0015965772349004759
2022-10-20,-0.000338643136722494
2022-10-21,0.001250494759787113
2022-10-24,0.0012181389331082926
2022-10-25,-0.0008438113588060681
2022-10-26,0.0007673791473039593
2022-10-27,0.0017191415774215901
2022-10-28,-0.0012408283595286562
2022-10-31,-0.0007395830956781202
2022-11-01,-0.00015333854853349926
2022-11-02,-0.00024761082291724357
2022-11-03,-0.0010964112841770346
2022-11-04,0.0006422773396208559
2022-11-07,0.00031979942486914936
2022-11-08,-0.00017286123182136404
2022-11-09,0.0013079472789196966
2022-11-10,0.002220336416607127
2022-11-11,0.0010488797296304142
2022-11-14,0.0005716211315938136
2022-11-15,0.0003260650426502032
2022-11-16,-0.0012726229236961206
2022-11-17,-0.0031236786714669007
2022-11-18,-0.0002183144692089467
2022-11-21,-0.0016348382041928566
2022-11-22,0.0008754370275592116
2022-11-23,0.0011046558207441493
2022-11-25,-0.0001905423126782324
2022-11-28,-0.0012219243053774864
2022-11-29,0.0007425682223771712
2022-11-30,0.005348893949832956
2022-12-01,0.0019117563566024565
2022-12-02,0.00021073009797190068
2022-12-05,-0.00274544537958743
2022-12-06,0.0003038410973423833
2022-12-07,0.0033021474250296556
2022-12-08,0.0010063708140899408
2022-12-09,-0.00024587203050641104
2022-12-12,-0.0019164765838484144
2022-12-13,0.004089378948047617
2022-12-14,0.0014852260373834358
2022-12-15,-0.002672970722473522
2022-12-16,0.0011556837136414977
2022-12-19,-0.0012770084518125557
2022-12-20,0.0036057615777118635
2022-12-21,-0.00035664889447661885
2022-12-22,-0.0008168436343570784
2022-12-23,0.001965904755610648
2022-12-27,-0.0018621196727401923
2022-12-28,-0.0007640141019118474
2022-12-29,0.0018149083889777984
2022-12-30,-0.0018021887999084552
2023-01-03,-0.0004184853127093824
2023-01-04,0.00015189014631911135
2023-01-05,-0.0035725249743290277
2023-01-06,0.005506916742759049
2023-01-09,0.0023621686936630137
2023-01-10,0.0009268206853028094
2023-01-11,0.0019507176946040872
2023-01-12,0.0032935765497348335
2023-01-13,0.002164271942461493
2023-01-17,0.001140133184679204
2023-01-18,-0.0015623070382226878
2023-01-19,0.0013007212857494288
2023-01-20,-0.000511070602979613
2023-01-23,-0.0023254956176861352
2023-01-24,0.0016916545900846902
2023-01-25,0.0014751970459365715
2023-01-26,0.00252774460102545
2023-01-27,-0.0008286533726592493
2023-01-30,0.00034071220199538566
2023-01-31,0.004398666293001341
2023-02-01,0.00021142750812508382
2023-02-02,-0.003234889624002202
2023-02-03,-0.0073082676383530165
2023-02-06,-0.003591293545299634
2023-02-07,0.0010881361553172209
2023-02-08,0.0016979290208394282
2023-02-09,-0.001542416991611395
2023-02-10,0.0004263193464220105
2023-02-13,-0.00038046381545742136
2023-02-14,-0.0008780609406962014
2023-02-15,-0.002155288298152036
2023-02-16,9.529955594800299e-05
2023-02-17,0.0016123072578233533
2023-02-21,0.0022121117811937374
2023-02-22,-0.0017596847438045016
2023-02-23,-0.000615092607813339
2023-02-24,-0.00634639913567292
2023-02-27,0.003152429746525298
2023-02-28,-0.0014761818972568452
2023-03-01,0.002814551740401683
2023-03-02,-0.0009921484960923044
2023-03-03,0.004442733628181594
2023-03-06,-0.0004985132039785345
2023-03-07,-0.005237998294952972
2023-03-08,-0.00016369074479105628
2023-03-09,0.0025428737597503748
2023-03-10,0.004408437306531843
2023-03-13,0.007841457652674855
2023-03-14,-0.0035593663126630704
2023-03-15,0.0017647835260619082
2023-03-16,-0.0014199784389394843
2023-03-17,0.006025918134073827
2023-03-20,-0.0006077770714745245
2023-03-21,-0.003301755343739554
2023-03-22,0.004993216428908376
2023-03-23,0.0019573535725649904
2023-03-24,-0.0002554574298537782
2023-03-27,-0.0012900665455690685
2023-03-28,0.0029351533383754624
2023-03-29,-0.0008417695675427828
2023-03-30,0.0038538078341592286
2023-03-31,0.0025734935372052625
2023-04-03,0.0012619829698339302
2023-04-04,0.0032086766552015256
2023-04-05,0.002192738846548359
2023-04-06,0.0011112972269589072
2023-04-10,-0.0025671493068291085
2023-04-11,0.002846189346232597
2023-04-12,0.0011905739381807834
2023-04-13,0.002308927477349787
2023-04-14,-0.0037913096407777847
2023-04-17,-0.0002499473859250978
2023-04-18,0.0008404087968638674
2023-04-19,-0.0009078115715829282
2023-04-20,0.002905070302165136
2023-04-21,-0.003259619795095925
2023-04-24,0.0029594497175704504
2023-04-25,0.0027338681113142638
2023-04-26,-0.0020278415834994457
2023-04-27,0.000628167162608495
2023-04-28,0.0011865325512432356
2023-05-01,-0.002685423980508972
2023-05-02,0.0013304263109117365
2023-05-03,0.0013782063857745719
2023-05-04,0.003829178942250655
2023-05-05,5.811943546807363e-05
2023-05-08,-0.0011076124207313187
2023-05-09,-0.0002807010881981098
2023-05-10,0.0003457729429534595
2023-05-11,-0.005181814022942488
2023-05-12,-0.0016544731581792371
2023-05-15,0.0007050901967535772
2023-05-16,-0.0038248316969711205
2023-05-17,-0.002005197236162104
2023-05-18,-0.0015640630533302335
2023-05-19,0.0002836407884450054
2023-05-22,0.00022262168898756762
2023-05-23,-0.0003046340647461232
2023-05-24,-0.0025590264998781587
2023-05-25,-0.0037090235632418755
2023-05-26,0.0020061845181524873
2023-05-30,0.002123801509926526
2023-05-31,0.0008156286626064269
2023-06-01,0.000616644905358843
2023-06-02,-0.0025478527122914096
2023-06-05,0.00044908373945218294
2023-06-06,-0.0005714986305799252
2023-06-07,-0.0014447565953233932
2023-06-08,0.005145530870373394
2023-06-09,-0.0011317898474253463
2023-06-12,-0.0004929361167561597
2023-06-13,-0.001895971559716103
2023-06-14,1.74763962981217e-05
2023-06-15,0.0018601015466344073
2023-06-16,0.000459710026731841
2023-06-20,-0.0013534899240127407
2023-06-21,-0.0012897721583613464
2023-06-22,-0.00247700785972238
2023-06-23,-0.002580961850903285
2023-06-26,0.0006874258419320434
2023-06-27,-0.0032813663233874912
2023-06-28,-0.0026412040757529676
2023-06-29,-0.002415568958702874
2023-06-30,-0.0004935339741457545
2023-07-03,0.0005742154353050033
2023-07-05,-8.987878923927273e-05
2023-07-06,-0.0025978331095329876
2023-07-07,0.0009831488565277269
2023-07-10,0.001933522780678043
2023-07-11,0.0009567343289900165
2023-07-12,0.0036847742663892458
2023-07-13,0.004789963066202496
2023-07-14,-0.0014578078802102157
2023-07-17,-0.0008206417079437145
2023-07-18,0.001846928261535652
2023-07-19,0.0005193102860592269
2023-07-20,-0.000615441758062274
2023-07-21,0.001315390359949653
2023-07-24,0.001301362302093656
2023-07-25,0.00010432393095394232
2023-07-26,0.0029845297638142476
2023-07-27,-0.00619249698439428
2023-07-28,0.0005122091936859974
2023-07-31,-0.0007123209196907565
2023-08-01,0.0003330258756626403
2023-08-02,-0.0043489772084889244
2023-08-03,0.00018545986377027646
2023-08-04,0.0004827286133293196
2023-08-07,-0.00015273654387781832
2023-08-08,-9.13128265441765e-05
2023-08-09,0.002295850243240194
2023-08-10,-0.0006502844769914473
2023-08-11,0.0005166041694826262
2023-08-14,-0.0031203842856895037
2023-08-15,-0.0057269028657283005
2023-08-16,-0.0005890266422348134
2023-08-17,0.0010696422150870966
2023-08-18,0.0024065900108882765
2023-08-21,-0.002256706209681436
2023-08-22,0.0007771433372349978
2023-08-23,0.0033122574329442767
2023-08-24,-0.00013889012804269019
2023-08-25,0.004945355186429801
2023-08-28,-0.001435397830417462
2023-08-29,0.0003372245518740158
2023-08-30,-0.00033722745746622707
2023-08-31,0.0004926467565768977
2023-09-01,0.004114627503666757
2023-09-05,0.0010547743082396366
2023-09-06,-0.0012228648136384246
2023-09-07,0.00042760649169415466
2023-09-08,0.0014234683160927464
2023-09-11,0.004119594642719715
2023-09-12,0.0002482864894082226
2023-09-13,0.0020830948610628397
2023-09-14,0.0019324073417328336
2023-09-15,-0.003113651884776636
2023-09-18,-0.0010504001470706958
2023-09-19,0.0013638725766174087
2023-09-20,-0.004132415415992741
2023-09-21,0.0004152098599781162
2023-09-22,-0.0006772984827194684
2023-09-25,-0.0003533078176143345
2023-09-26,0.0005655369007460109
2023-09-27,0.0016419762347570366
2023-09-28,0.0002980967118395572
2023-09-29,-0.003383631784510621
2023-10-02,-0.001175185148086011
2023-10-03,-0.0027326194795027625
2023-10-04,-0.005491599096657751
2023-10-05,-0.0019431205254590855
2023-10-06,0.00011941885202548796
2023-10-09,0.005776590254204184
2023-10-10,-0.0006332361683512033
2023-10-11,-0.0018333672452531813
2023-10-12,6.889235476137401e-05
2023-10-13,0.005620949105650919
2023-10-16,-0.0011566326671110794
2023-10-17,-0.0011127950969168632
2023-10-18,0.002377694644871031
2023-10-19,0.0008506749659322743
2023-10-20,-0.0012233049122190032
2023-10-23,-0.0007091984324288925
2023-10-24,-0.003013662844321696
2023-10-25,0.0021801976706066206
2023-10-26,-0.00028630718101740893
2023-10-27,0.0022691781347601303
2023-10-30,-0.005585937576449429
2023-10-31,0.001154327104956332
2023-11-01,-0.0002560009835321786
2023-11-02,0.003495727067242882
2023-11-03,-6.141807758597295e-06
2023-11-06,-0.0007525383094084681
2023-11-07,-0.006125500249836269
2023-11-08,-0.004626159881773506
2023-11-09,-0.0007398528497228885
2023-11-10,0.000822373419407274
2023-11-13,0.004897299033330471
2023-11-14,0.0007469781257518626
2023-11-15,-0.0009044843977152883
2023-11-16,-0.005030549481198632
2023-11-17,0.0024372121327864704
2023-11-20,0.00389829141191278
2023-11-21,0.0027305722052348713
2023-11-22,-0.0030389208131429424
2023-11-24,-0.002275051183411536
2023-11-27,0.0007717042619492798
2023-11-28,0.002852071091625774
2023-11-29,0.0028867365828748603
2023-11-30,-0.00617420858951323
2023-12-01,0.00040798451994694673
2023-12-04,-0.002135045928996493
2023-12-05,-0.002369996789518547
2023-12-06,-0.006266612336808475
2023-12-07,-0.0002044308055502153
2023-12-08,-0.003965477261418826
2023-12-11,-0.0011371493470283545
2023-12-12,-0.0012017299849745866
2023-12-13,0.007182182533379322
2023-12-14,0.0033125695154838652
2023-12-15,-0.0018698343646429416
2023-12-18,0.0014230534192987143
2023-12-19,0.0010037501127559967
2023-12-20,0.00029924063370612153
2023-12-21,0.0011880986380266023
2023-12-22,-6.761777394892476e-05
2023-12-26,0.0006700178607319529
2023-12-27,0.0006459763222352866
2023-12-28,-0.0013488540435612206
2023-12-29,-0.0011012428199104196
2024-01-02,-0.0024255040934682004
2024-01-03,-0.0007080186687480339
2024-01-04,-0.00034115031790782346
2024-01-05,0.0007275455797972619
2024-01-08,-0.000475014356509873
2024-01-09,0.0003389321168083548
2024-01-10,-0.0006326182988463103
2024-01-11,0.0016113090322502632
2024-01-12,0.003240178817260242
2024-01-16,-0.002895437766342379
2024-01-17,-0.0020216142762339295
2024-01-18,0.002200130224315533
2024-01-19,-0.0008163946375948639
2024-01-22,-0.0007496742858106309
2024-01-23,0.0007534986848483083
2024-01-24,-0.00015350878805142631
2024-01-25,0.002576302402576225
2024-01-26,0.0006500228229366911
2024-01-29,0.0014752374791304756
2024-01-30,-0.0003039274402643066
2024-01-31,0.00073364908310114
2024-02-01,0.0010124510316082969
2024-02-02,-0.004182056141354029
2024-02-05,-0.001120540247783186
2024-02-06,0.0015159820477856911
2024-02-07,0.0003211118038333183
2024-02-08,0.0015505376082196598
2024-02-09,-4.210358237499712e-06
2024-02-12,0.0005450302814278274
2024-02-13,-0.003916148377470674
2024-02-14,5.2251981076612e-05
2024-02-15,0.002615038264738745
2024-02-16,0.00010565166370035683
2024-02-20,-0.002201045252028022
2024-02-21,-0.00019436492753244217
2024-02-22,-0.00011514796841782804
2024-02-23,0.00010105246339398022
2024-02-26,0.00035244928105715445
2024-02-27,0.00014371008537761298
2024-02-28,-4.868955652903573e-05
2024-02-29,0.001205379610954349
2024-03-01,0.0033155657616263934
2024-03-04,0.002190536015007627
2024-03-05,-0.0003432524214156407
2024-03-06,0.002436531282109522
2024-03-07,0.00273834818763552
2024-03-08,-0.00046104302539395903
2024-03-11,0.00019042496585219837
2024-03-12,-0.001283461390005236
2024-03-13,0.002582946868448621
2024-03-14,-0.0009560494298004318
2024-03-15,0.0019805584684220445
2024-03-18,0.0020753855335593485
2024-03-19,-0.0012794084028322494
2024-03-20,0.0026529116067433023
2024-03-21,-0.00308206861623328
2024-03-22,-0.0023796773676835192
2024-03-25,0.001359156471369527
2024-03-26,-0.0012985590605660846
2024-03-27,0.0012630715534860393
2024-03-28,0.0030741172591486343
2024-04-01,0.0017839519238527224
2024-04-02,0.005463793042594922
2024-04-03,0.00685388498712558
2024-04-04,-0.0001952138349070598
2024-04-05,0.0024683009297286063
2024-04-08,0.0018991079784620446
2024-04-09,-0.0003576784300992619
2024-04-10,-0.00253805064366619
2024-04-11,0.002150564335562377
2024-04-12,-0.0007963069829730607
2024-04-15,0.005434141775229717
2024-04-16,-0.00359124229263752
2024-04-17,-0.002511573719589544
2024-04-18,-0.0005872499483930982
2024-04-19,0.002681965350001203
2024-04-22,-0.0034874664727462257
2024-04-23,-0.0004239627464298623
2024-04-24,0.0006718704664352426
2024-04-25,0.0016828001373438983
2024-04-26,0.0013152351730685297
2024-04-29,0.0005860309364840166
2024-04-30,-0.0074065120817953245
2024-05-01,-0.0009435513266425888
2024-05-02,0.0001011284651510902
2024-05-03,0.00045467077132110845
2024-05-06,0.004128163313336097
2024-05-07,-0.0009856663545980693
2024-05-08,-0.000518828633898627
2024-05-09,0.004425364170300705
2024-05-10,0.0005605667103079082
2024-05-13,0.0033963645062180525
2024-05-14,-0.000863024756463382
2024-05-15,0.005082690770655152
2024-05-16,0.000137397310758125
2024-05-17,0.006810640249038213
2024-05-20,0.0027307052364757833
2024-05-21,0.0004932221920133095
2024-05-22,-0.007524185307705378
2024-05-23,-0.00310623082747985
2024-05-24,0.0016145846216630844
2024-05-28,0.006363838300975644
2024-05-29,-0.003660048126271187
2024-05-30,-0.003446250344873669
2024-05-31,-0.0015921729883749958
2024-06-03,-0.0017120560789876116
2024-06-04,-0.004085890493947808
2024-06-05,0.0020316991744517843
2024-06-06,0.003916682860003462
2024-06-07,-0.010007019018464236
2024-06-10,0.0033177666601744704
2024-06-11,0.0007248980731047183
2024-06-12,0.0011893800902518237
2024-06-13,-0.0002448872467980534
2024-06-14,0.0011061010922386316
2024-06-17,-0.0015156573247572247
2024-06-18,0.0018050106939604404
2024-06-20,0.003217324099238583
2024-06-21,-0.0036016768803337484
2024-06-24,0.0012243986632967108
2024-06-25,-0.0026133521392978087
2024-06-26,-0.001270613586312086
2024-06-27,0.0028697989487103115
2024-06-28,-2.5152200784139822e-05
2024-07-01,0.0034779044032884343
2024-07-02,1.6007738898871082e-06
2024-07-03,0.0030556956097131938
2024-07-05,0.004492956369540835
2024-07-08,-0.0033540053698865036
2024-07-09,-0.001318327598398672
2024-07-10,0.00037206270679912556
2024-07-11,0.0033719564685061876
2024-07-12,-0.0008008818085166736
2024-07-15,-0.0018293107222062677
2024-07-16,0.001075184912098237
2024-07-17,-0.0006584109869695043
2024-07-18,-0.002799752713903647
2024-07-19,-0.0038477099075073795
2024-07-22,-0.0002863629988860694
2024-07-23,-0.0014936818012276643
2024-07-24,-0.000418755725732467
2024-07-25,-0.001091603340031111
2024-07-26,0.00023309507067881263
2024-07-29,-0.0013582198454409333
2024-07-30,0.001570426877982145
2024-07-31,0.007096495417002968
2024-08-01,-0.002129625978706695
2024-08-02,-0.0004586641047938933
2024-08-05,-0.0029781588236584833
2024-08-06,-0.002332634553704138
2024-08-07,5.0962209098726063e-05
2024-08-08,0.0024269336293167854
2024-08-09,0.0008597585791267903
2024-08-12,0.003463518367011975
2024-08-13,0.0004910916545617372
2024-08-14,-0.0018062460259804514
2024-08-15,0.0006644721647424134
2024-08-16,0.0023086231469853224
2024-08-19,-0.0006081114332842086
2024-08-20,0.0010754124168321777
2024-08-21,-0.0002383411234233579
2024-08-22,-0.0021459322988639506
2024-08-23,0.0042081447022890295
2024-08-26,0.0011654796958353586
2024-08-27,-0.0001481940963139472
2024-08-28,-0.001863557559942941
2024-08-29,0.0012272218923550238
2024-08-30,-0.0023603016207588423
2024-09-03,-0.00213464999143953
2024-09-04,0.0008792177947340996
2024-09-05,0.0016017409626982726
2024-09-06,-0.0005808372538719242
2024-09-09,0.0010074644031838886
2024-09-10,0.0010907827441173357
2024-09-11,0.00010369512938446235
2024-09-12,0.00257689220265922
2024-09-13,0.0026528079635306234
2024-09-16,0.0003697694793713957
2024-09-17,-0.0006895125664008184
2024-09-18,-0.001566944417051075
2024-09-19,0.002350218590906561
2024-09-20,0.001911565759965539
2024-09-23,0.00032785796379664056
2024-09-24,0.003619796478925519
2024-09-25,9.97271344624906e-05
2024-09-26,-0.0001343265659181636
2024-09-27,-0.0014154051791909206
2024-09-30,-0.0012939884287814785
2024-10-01,0.003468566438588283
2024-10-02,0.0024745239383685558
2024-10-03,-0.004817947799305333
2024-10-04,0.002006096091099474
2024-10-07,-0.00559911722345785
2024-10-08,-0.010314829340775544
2024-10-09,-0.002006633851081796
2024-10-10,0.00998272776122433
2024-10-11,0.006584746524295637
2024-10-14,-0.003863946908159721
2024-10-15,0.001790368419450239
2024-10-16,0.002128222848392314
2024-10-17,-0.0004884921192367386
2024-10-18,0.01605499541782307
2024-10-21,-0.0002344507622334957
2024-10-22,0.008554114572619786
2024-10-23,-0.009668091884045382
2024-10-24,-0.005141862208020931
2024-10-25,-0.0006356661422473042
2024-10-28,0.00034874624500003115
2024-10-29,0.007971378222101144
2024-10-30,-0.005070327298981714
2024-10-31,-0.010515343519289622
2024-11-01,-0.002397392300925283
2024-11-04,0.00041742670029787377
2024-11-05,0.000516474463713612
2024-11-06,-0.0040548808779874435
2024-11-07,0.003629520046576573
2024-11-08,-0.0027806539191053137
2024-11-11,-0.003139435657644185
2024-11-12,-0.0011851407037755113
2024-11-13,-0.0015373085458506575
2024-11-14,-6.475151548501756e-05
2024-11-15,0.0009345185315245974
2024-11-18,0.004040933324375162
2024-11-19,0.0006949854507398712
2024-11-20,-0.0012846794512881843
2024-11-21,0.0007474051404865456
2024-11-22,0.0014837669810119358
2024-11-25,-0.0026405836107201708
2024-11-26,0.0009585250291457292
2024-11-27,-0.0003047871661667756
2024-11-29,0.0014094164351869942
2024-12-02,-0.001178084955511638
2024-12-03,0.001803678967058353
2024-12-04,0.0007221369228380681
2024-12-05,-0.0001736085233920992
2024-12-06,-0.00020786565390118472
2024-12-09,0.0024262301994490976
2024-12-10,-6.077783011027016e-05
2024-12-11,0.002041044161475547
2024-12-12,-0.0032581543667316026
2024-12-13,-0.004056300695824411
2024-12-16,0.00023554721312057936
2024-12-17,-0.0015103397271405417
2024-12-18,-0.005294741998911556
2024-12-19,0.0008864962058128256
2024-12-20,0.002268198971933977
2024-12-23,0.000136233444689271
2024-12-24,0.00015636580835631797
2024-12-26,0.0014825141747447645
2024-12-27,-0.0014985556370264996
2024-12-30,-0.0001502057511165722
2024-12-31,0.0017216418153727098
2025-01-02,0.003444255764544657
2025-01-03,-0.002839893552270545
2025-01-06,0.0017089363892246467
2025-01-07,0.0003978969859628201
2025-01-08,0.0013582116867971727
2025-01-09,0.0
2025-01-10,0.003813552103961726
2025-01-13,-0.0005717891784491336
2025-01-14,-0.0003987574917249104
2025-01-15,0.007359989117872168
2025-01-16,-0.0009148052124009487
2025-01-17,-0.001482026477113707
2025-01-21,-0.0013711011428174658
2025-01-22,-0.0015072957743428317
2025-01-23,-0.0005210321595493506
2025-01-24,0.0009129794131483848
2025-01-27,-0.00616304836099113
2025-01-28,0.0031498814243842155
2025-01-29,4.615579484124055e-05
2025-01-30,0.0022278170804868047
2025-01-31,-0.0011587781947721698
2025-02-03,0.004367881339720547
2025-02-04,0.0004880919292471475
2025-02-05,-0.0015984911812305658
2025-02-06,0.00085939005375546
2025-02-07,-0.001293685825325408
2025-02-10,0.0060238280938338384
2025-02-11,0.00296670336780247
2025-02-12,-0.004593080419175388
2025-02-13,0.0034046684352548873
2025-02-14,-0.0018763381755836361
2025-02-18,0.004917322679522718
2025-02-19,0.002048682036866367
2025-02-20,0.0017553731299146946
2025-02-21,-0.0042132595692910835
2025-02-24,-0.0006587419847371434
2025-02-25,-0.004152185572037559
2025-02-26,-0.001595832045632406
2025-02-27,-0.0007708593168225253
2025-02-28,-0.0028565324128180247
2025-03-03,0.0014932945498484784
2025-03-04,0.0007585326235430845
2025-03-05,0.001980245909694478
2025-03-06,-0.0011699222262502307
2025-03-07,-0.00023442259468042792
2025-03-10,-0.0010026654691228654
2025-03-11,0.0033633119931248956
2025-03-12,-0.000641002333646723
2025-03-13,0.0026529519528528667
2025-03-14,0.00022317323439891013
2025-03-17,0.00205921371286677
2025-03-18,0.0013731909528567066
2025-03-19,0.0029536008449690954
2025-03-20,0.00029160860620836004
2025-03-21,-0.0016561496299344336
2025-03-24,-0.0004095618476228635
2025-03-25,0.002837446553177969
2025-03-26,-3.537973389755589e-05
2025-03-27,0.002214619850609001
2025-03-28,-0.00011609592661243617
2025-03-31,0.0025881797688924735
2025-04-01,0.0020416480335256892
2025-04-02,0.003141472931837308
2025-04-03,-0.024156728173140296
2025-04-04,-0.052102730495509175
2025-04-07,-0.010052174608903175
2025-04-08,-0.005097194420002893
2025-04-09,0.037855810677688506
2025-04-10,0.003034796122896477
2025-04-11,0.02210940468840783
2025-04-14,0.002976893221118271
2025-04-15,0.002226979531141371
2025-04-16,0.012994073894702751
2025-04-17,-0.0014474955312739901
2025-04-21,0.00011327866905941342
2025-04-22,-0.002883044258658596
2025-04-23,-0.008178276588916789
2025-04-24,0.009563496928573167
2025-04-25,-0.004309055045420229
2025-04-28,0.0036099784093288623
2025-04-29,-0.006035466099229891
2025-04-30,-0.0013223137806628316
2025-05-01,-0.0021255486608852125
2025-05-02,0.00027007262953593347
2025-05-05,0.0011564002503261506
2025-05-06,0.0019898722019182635
2025-05-07,-0.0006601340163601144
2025-05-08,-0.003224942224715144
2025-05-09,0.0010543453559197502
2025-05-12,-0.0032171748192746374
2025-05-13,0.0006751530464010891
2025-05-14,-0.002290543540054424
2025-05-15,0.002018972388796225
2025-05-16,-0.0006523332287723393
2025-05-19,0.0006604744903677684
2025-05-20,0.001530213427291649
2025-05-21,0.00024390295062537426
2025-05-22,-0.0003842387177093176
2025-05-23,0.001345004949482087
2025-05-26,0.0
2025-05-27,-0.00011771857299780475
2025-05-28,-0.0014037287002959253
2025-05-29,0.0007224045284468517
2025-05-30,0.0006057178971177191
2025-06-02,0.001000106734375228
2025-06-03,5.474146380457512e-05
2025-06-04,0.0016507484064649525
2025-06-05,-0.0008622965322537812
2025-06-06,-4.080412741325201e-05
2025-06-09,0.000540453165694954
2025-06-10,-0.0008777710264830096
2025-06-11,0.0009659919512332582
2025-06-12,0.000758832952259425
2025-06-13,0.00018079106667001632
2025-06-16,-0.0003238807098882024
2025-06-17,0.0027888618544422705
2025-06-18,0.00046969296034937713
2025-06-20,0.0008177781999183509
2025-06-23,-0.00612032600037149
2025-06-24,-0.00601927591773066
2025-06-25,0.0005847659090272295
2025-06-26,0.0025188169716841013
2025-06-27,-0.004499224510806643
2025-06-30,0.0023586823728369843
2025-07-01,0.0016633754845631898
2025-07-02,0.009888752209007645
2025-07-03,0.00087745268335504
2025-07-07,0.0004903095235087029
2025-07-08,-0.009509282639999395
2025-07-09,0.0038855340317871523
2025-07-10,0.003289366287175799
2025-07-11,0.010770081783512131
2025-07-14,-0.005809109531781265
2025-07-15,-0.0068914498978874805
2025-07-16,-0.0005253099448802034
2025-07-17,-0.0004951356586420097
2025-07-18,-0.0009643559370494659
2025-07-21,0.01134026100232921
2025-07-22,0.009833909333267554
2025-07-23,0.0019448944208098062
2025-07-24,-0.004430875142300228
2025-07-25,-0.0030638966819610536
2025-07-28,-0.00558580828036459
2025-07-29,0.0043510833407840455
2025-07-30,-0.019231244677465176
2025-07-31,-0.004756010622335105
2025-08-01,-0.0003866494513864449
2025-08-04,0.014944514979776669
2025-08-05,0.008884374190325062
2025-08-06,0.002958831478097723
2025-08-07,0.012132636578918277
2025-08-08,0.00718497170184218
2025-08-11,0.004815480383582926
2025-08-12,0.002540359020815952
2025-08-13,0.00023360525800786291
2025-08-14,-0.003732023076739921
2025-08-15,0.005637202275857289
2025-08-18,0.002729610243814795
2025-08-19,-0.012611863115375654
2025-08-20,0.005925041771681405
2025-08-21,0.008285647604418411
2025-08-22,0.012141986730346943
2025-08-25,0.004775484151962495
2025-08-26,-0.0012233843507997166
2025-08-27,0.006821086091821638
2025-08-28,0.0021737604304439273
2025-08-29,0.011644820407428425
2025-09-02,0.010907911752006338
2025-09-03,0.003705420308970808
2025-09-04,-0.009518152738285157
2025-09-05,0.010497491856551466
2025-09-08,0.008541101514510263
2025-09-09,-0.005423753699154599
2025-09-10,0.0032637755359825604
2025-09-11,0.010657624568065849
2025-09-12,0.004032394343465251
2025-09-15,0.012686097695780552
2025-09-16,-0.006533756237995125
2025-09-17,-0.006620564184727673
2025-09-18,-0.0008793405242661922
2025-09-19,0.01573307276599989
2025-09-22,0.01104215511023754
2025-09-23,0.00013197506145457005
2025-09-24,0.007530027775565662
2025-09-25,0.010197463792236183
2025-09-26,0.007325840863880995
2025-09-29,0.007729968294359901
2025-09-30,0.0036589415278518445
2025-10-01,0.006940126794345636
2025-10-02,-0.00010971490214595203
2025-10-03,0.012315206700876491
2025-10-06,0.0074970370013272
2025-10-07,-0.005141585139152416
2025-10-08,0.017838259048396754
2025-10-09,-0.014109201037718289
2025-10-10,-0.019700105047639305
2025-10-13,0.04650590708815572
2025-10-14,-0.006050750385973913
2025-10-15,0.013700504133048685
2025-10-16,-0.0015860536435783334
2025-10-17,-0.02776731977006064
2025-10-20,0.01320584524040691
2025-10-21,-0.042872482023669334
2025-10-22,0.0023476862760263284
2025-10-23,0.010457444224245993
2025-10-24,0.004330107347696455
2025-10-27,-0.017705368129182775
2025-10-28,0.0020493894827211534
2025-10-29,0.005808265722943018
2025-10-30,0.008862080598326383
2025-10-31,-0.005686751480332264
2025-11-03,-0.013508960399335246
2025-11-04,-0.02288170669553835
2025-11-05,0.008576177166718324
2025-11-06,0.001999034296503499
2025-11-07,0.013309176822756674
2025-11-10,0.027324522473671564
2025-11-11,0.0014064493473744388
2025-11-12,0.011687228447126108
2025-11-13,-0.008283644777280497
2025-11-14,-0.0033420994490472866
2025-11-17,-0.0046455316144081715
2025-11-18,0.0008102821336040122
2025-11-19,0.00666408224583237
2025-11-20,-0.025538117302737584
2025-11-21,0.0005196779226275261
2025-11-24,0.020816748209413927
2025-11-25,0.0050666437534254705
2025-11-26,0.0238882285696973
2025-11-28,0.02092717144244416
2025-12-01,-0.0005514123817160765
2025-12-02,-0.004741570841189979
2025-12-03,0.003768966224630299
2025-12-04,-0.0037249447416695114
2025-12-05,0.004660812245492085
2025-12-08,-0.008773055422449438
2025-12-09,0.010667729875443399
2025-12-10,0.009535711939381297
2025-12-11,0.012016830444952165
2025-12-12,-0.012613662082451627
2025-12-15,-0.0032264147612350857
2025-12-16,-0.005957245238001452
2025-12-17,0.010595070269745932
2025-12-18,-0.0030369566598136277
2025-12-19,0.012458759374603279
2025-12-22,0.021444672883957905
2025-12-23,0.008434657314510652
2025-12-24,0.0005387029862073955
2025-12-26,0.014379443588579788
2025-12-29,-0.03041383423966204
2025-12-30,0.00916941825558193
2025-12-31,-0.011490308223296553
2026-01-02,0.009372168429644168
2026-01-05,0.029682106261553987
2026-01-06,0.0240272072087937
2026-01-07,-0.011287972188634643
2026-01-08,-0.006838301333717434
2026-01-09,0.017370573372714082
2026-01-12,0.028993356347529975
2026-01-13,0.0038390508822887526
2026-01-14,0.02140617196761374
2026-01-15,-0.0023496119863362086
2026-01-16,-0.007011849253659275
2026-01-20,0.02063941787364021
2026-01-21,0.004816338061052194
2026-01-22,0.01506959204081304
2026-01-23,0.025312737710872613
2026-01-26,0.010128191165788447
2026-01-27,0.012408797730578902
2026-01-28,0.012696294919730455
2026-01-29,-0.0038697574498994802
2026-01-30,-0.09172087554162867
2026-02-02,-0.009107020658562837
2026-02-03,0.007948745820021141
2026-02-04,8.099649952386656e-05
2026-02-05,-0.004203069587049968
2026-02-06,0.004226271569362838
2026-02-09,0.0036667546447435306
2026-02-10,-0.0008986801135649758
2026-02-11,0.0034643583485103324
2026-02-12,-0.00733290464979619
2026-02-13,0.0017539994003463732
2026-02-17,-0.0026176511136687397
2026-02-18,0.006689118972960539
2026-02-19,0.0020793211742604623
2026-02-20,0.0013344898744982459
2026-02-23,0.0024077817732544027
2026-02-24,0.000712139219368968
2026-02-25,3.7655510050305097e-05
2026-02-26,0.001128466238924375
2026-02-27,0.00460410027758007
2026-03-02,-0.0015645898923289936
2026-03-03,-0.04175063020538461
2026-03-04,0.008447145746105722
2026-03-05,-0.016865469028370716
2026-03-06,0.0056159469929886185
